"Domain","Item","Test","N","Effect","p-value","Conclusion"
"Direct edge (marginal)","Age -> OS","Firth Cox (marginal)","68","1.00 (95% CI 0.98 to 1.03)","0.861","No association detected (p >= 0.05)"
"Direct edge (marginal)","Age -> TMB_BRAF","Wilcoxon rank-sum","69","Median Age: TMB/BRAF=0=61.0, TMB/BRAF=1=65.0","0.450","No association detected (p >= 0.05)"
"Direct edge (marginal)","CRP -> OS","Firth Cox (marginal)","68","0.49 (95% CI 0.27 to 0.84)","0.009","Association detected (p < 0.05)"
"Direct edge (marginal)","CRP -> PFS","Firth Cox (marginal)","68","0.39 (95% CI 0.20 to 0.73)","0.003","Association detected (p < 0.05)"
"Direct edge (marginal)","CRP -> TLR","Firth logistic (marginal)","68","3.48 (95% CI 1.14 to 12.59)","0.028","Association detected (p < 0.05)"
"Direct edge (marginal)","PFS -> OS","Firth Cox, time-dependent progression (marginal)","68","3.75 (95% CI 2.09 to 7.12)","<0.001","Association detected (p < 0.05)"
"Direct edge (marginal)","Sex -> TMB_BRAF","Fisher's exact","69","0.87 (95% CI 0.30 to 2.48)","0.812","No association detected (p >= 0.05)"
"Direct edge (marginal)","T -> OS","Firth Cox (marginal)","68","0.96 (95% CI 0.58 to 1.61)","0.873","No association detected (p >= 0.05)"
"Direct edge (marginal)","T -> PFS","Firth Cox (marginal)","68","0.77 (95% CI 0.44 to 1.38)","0.376","No association detected (p >= 0.05)"
"Direct edge (marginal)","T -> TLR","Firth logistic (marginal)","68","0.33 (95% CI 0.11 to 0.90)","0.030","Association detected (p < 0.05)"
"Direct edge (marginal)","TLR -> PFS","Firth Cox, marginal (week 9 landmark PFS cohort)","56","0.21 (95% CI 0.11 to 0.42)","<0.001","Association detected (p < 0.05)"
"Direct edge (marginal)","TMB_BRAF -> OS","Firth Cox (marginal)","68","0.68 (95% CI 0.40 to 1.13)","0.139","No association detected (p >= 0.05)"
"Direct edge (marginal)","TMB_BRAF -> PFS","Firth Cox (marginal)","68","0.39 (95% CI 0.21 to 0.73)","0.003","Association detected (p < 0.05)"
"Direct edge (marginal)","TMB_BRAF -> TLR","Firth logistic (marginal)","65","0.92 (95% CI 0.34 to 2.52)","0.877","No association detected (p >= 0.05)"
"Direct edge (marginal)","TxCRP -> OS","Firth Cox interaction (marginal: T, CRP, T x CRP)","68","0.63 (95% CI 0.19 to 2.41)","0.480","No association detected (p >= 0.05)"
"Direct edge (marginal)","TxCRP -> PFS","Firth Cox interaction (marginal: T, CRP, T x CRP)","68","0.15 (95% CI 0.04 to 0.73)","0.021","Association detected (p < 0.05)"
"Direct edge (marginal)","TxTMB -> OS","Firth Cox interaction (marginal: T, TMB/BRAF, T x TMB/BRAF)","68","0.63 (95% CI 0.22 to 1.79)","0.385","No association detected (p >= 0.05)"
"Direct edge (marginal)","TxTMB -> PFS","Firth Cox interaction (marginal: T, TMB/BRAF, T x TMB/BRAF)","68","0.40 (95% CI 0.12 to 1.34)","0.137","No association detected (p >= 0.05)"
"Conditional independence","Age _||_ CRP","Wilcoxon rank-sum","71","Median Age: CRP=0=65.0, CRP=1=64.5","0.961","Compatible with DAG-implied CI"
"Conditional independence","Age _||_ Sex","Wilcoxon rank-sum","74","Median Age: Sex=0=65.5, Sex=1=64.5","0.961","Compatible with DAG-implied CI"
"Conditional independence","Age _||_ T","Wilcoxon rank-sum (randomization check)","74","Median Age: T=0=65.5, T=1=60.5","0.172","Compatible with arm balance"
"Conditional independence","Age _||_ TLR | {CRP, TMB_BRAF}","Firth logistic","65","1.03 (95% CI 0.98 to 1.08)","0.292","Compatible with DAG-implied CI"
"Conditional independence","Age _||_ TxCRP","Wilcoxon rank-sum","71","Median Age: TxCRP=0=65.0, TxCRP=1=68.0","0.557","Compatible with DAG-implied CI"
"Conditional independence","Age _||_ TxTMB | {TMB_BRAF}","Conditional permutation test","69","Standardized Z = 0.77","0.457","Compatible with arm balance (within TMB/BRAF-positive patients)"
"Conditional independence","CRP _||_ Sex","Fisher's exact","71","0.74 (95% CI 0.25 to 2.23)","0.619","Compatible with DAG-implied CI"
"Conditional independence","CRP _||_ T","Fisher's exact (arm balance at week 4)","71","3.51 (95% CI 1.12 to 12.10)","0.023","Arm imbalance in realised sample"
"Conditional independence","CRP _||_ TxTMB | {TMB_BRAF}","Mantel-Haenszel","68","21.67 (95% CI 2.23 to 210.11)","0.007","Arm imbalance in realised sample (within TMB/BRAF-positive patients)"
"Conditional independence","Sex _||_ T","Fisher's exact (randomization check)","74","0.58 (95% CI 0.21 to 1.59)","0.254","Compatible with arm balance"
"Conditional independence","Sex _||_ TLR | {CRP, TMB_BRAF}","Firth logistic","65","1.13 (95% CI 0.40 to 3.21)","0.812","Compatible with DAG-implied CI"
"Conditional independence","Sex _||_ TxCRP","Fisher's exact","71","0.66 (95% CI 0.19 to 2.27)","0.578","Compatible with DAG-implied CI"
"Conditional independence","Sex _||_ TxTMB | {TMB_BRAF}","Mantel-Haenszel","69","0.52 (95% CI 0.12 to 2.17)","0.592","Compatible with arm balance (within TMB/BRAF-positive patients)"
"Conditional independence","T _||_ TMB_BRAF","Fisher's exact (randomization check)","69","0.96 (95% CI 0.33 to 2.76)","1.000","Compatible with arm balance"
"Conditional independence","TLR _||_ TxCRP | {CRP, T}","Definitional (TxCRP is fixed by {CRP, T})","--","--","--","Holds by construction"
"Conditional independence","TLR _||_ TxTMB | {T, TMB_BRAF}","Definitional (TxTMB is fixed by {T, TMB_BRAF})","--","--","--","Holds by construction"
"Conditional independence","TMB_BRAF _||_ TxCRP | {CRP}","Mantel-Haenszel","68","7.14 (95% CI 0.68 to 75.22)","0.203","Compatible with arm balance (within CRP-positive patients)"
"Conditional independence","TxCRP _||_ TxTMB | {T, TMB_BRAF}","Definitional (TxTMB is fixed by {T, TMB_BRAF})","--","--","--","Holds by construction"
"Conditional independence","TxCRP _||_ TxTMB | {CRP, T}","Definitional (TxCRP is fixed by {CRP, T})","--","--","--","Holds by construction"
"Omitted edge (effect modification of T -> TLR)","TxTMB -> TLR","Firth logistic interaction (T, TMB/BRAF, T x TMB/BRAF)","65","2.31 (95% CI 0.29 to 19.27)","0.426","No effect modification detected (p >= 0.05)"
"Omitted edge (effect modification of T -> TLR)","TxCRP -> TLR","Firth logistic interaction (T, CRP, T x CRP)","68","1.25 (95% CI 0.01 to 20.93)","0.898","No effect modification detected (p >= 0.05)"
