"WTP","Strategy","Probability","On_Frontier","Panel"
0,"Standard of Care",1,TRUE,"One biomarker (modelled in isolation)"
0,"CRP-guided",0,FALSE,"One biomarker (modelled in isolation)"
0,"TMB/BRAF-guided",0,FALSE,"One biomarker (modelled in isolation)"
2000,"Standard of Care",1,TRUE,"One biomarker (modelled in isolation)"
2000,"CRP-guided",0,FALSE,"One biomarker (modelled in isolation)"
2000,"TMB/BRAF-guided",0,FALSE,"One biomarker (modelled in isolation)"
4000,"Standard of Care",1,TRUE,"One biomarker (modelled in isolation)"
4000,"CRP-guided",0,FALSE,"One biomarker (modelled in isolation)"
4000,"TMB/BRAF-guided",0,FALSE,"One biomarker (modelled in isolation)"
6000,"Standard of Care",1,TRUE,"One biomarker (modelled in isolation)"
6000,"CRP-guided",0,FALSE,"One biomarker (modelled in isolation)"
6000,"TMB/BRAF-guided",0,FALSE,"One biomarker (modelled in isolation)"
8000,"Standard of Care",1,TRUE,"One biomarker (modelled in isolation)"
8000,"CRP-guided",0,FALSE,"One biomarker (modelled in isolation)"
8000,"TMB/BRAF-guided",0,FALSE,"One biomarker (modelled in isolation)"
10000,"Standard of Care",1,TRUE,"One biomarker (modelled in isolation)"
10000,"CRP-guided",0,FALSE,"One biomarker (modelled in isolation)"
10000,"TMB/BRAF-guided",0,FALSE,"One biomarker (modelled in isolation)"
12000,"Standard of Care",1,TRUE,"One biomarker (modelled in isolation)"
12000,"CRP-guided",0,FALSE,"One biomarker (modelled in isolation)"
12000,"TMB/BRAF-guided",0,FALSE,"One biomarker (modelled in isolation)"
14000,"Standard of Care",0.998,TRUE,"One biomarker (modelled in isolation)"
14000,"CRP-guided",0.002,FALSE,"One biomarker (modelled in isolation)"
14000,"TMB/BRAF-guided",0,FALSE,"One biomarker (modelled in isolation)"
16000,"Standard of Care",0.997,TRUE,"One biomarker (modelled in isolation)"
16000,"CRP-guided",0.003,FALSE,"One biomarker (modelled in isolation)"
16000,"TMB/BRAF-guided",0,FALSE,"One biomarker (modelled in isolation)"
18000,"Standard of Care",0.992,TRUE,"One biomarker (modelled in isolation)"
18000,"CRP-guided",0.007,FALSE,"One biomarker (modelled in isolation)"
18000,"TMB/BRAF-guided",0.001,FALSE,"One biomarker (modelled in isolation)"
20000,"Standard of Care",0.983,TRUE,"One biomarker (modelled in isolation)"
20000,"CRP-guided",0.016,FALSE,"One biomarker (modelled in isolation)"
20000,"TMB/BRAF-guided",0.001,FALSE,"One biomarker (modelled in isolation)"
22000,"Standard of Care",0.975,TRUE,"One biomarker (modelled in isolation)"
22000,"CRP-guided",0.023,FALSE,"One biomarker (modelled in isolation)"
22000,"TMB/BRAF-guided",0.002,FALSE,"One biomarker (modelled in isolation)"
24000,"Standard of Care",0.962,TRUE,"One biomarker (modelled in isolation)"
24000,"CRP-guided",0.032,FALSE,"One biomarker (modelled in isolation)"
24000,"TMB/BRAF-guided",0.006,FALSE,"One biomarker (modelled in isolation)"
26000,"Standard of Care",0.952,TRUE,"One biomarker (modelled in isolation)"
26000,"CRP-guided",0.04,FALSE,"One biomarker (modelled in isolation)"
26000,"TMB/BRAF-guided",0.008,FALSE,"One biomarker (modelled in isolation)"
28000,"Standard of Care",0.932,TRUE,"One biomarker (modelled in isolation)"
28000,"CRP-guided",0.051,FALSE,"One biomarker (modelled in isolation)"
28000,"TMB/BRAF-guided",0.017,FALSE,"One biomarker (modelled in isolation)"
30000,"Standard of Care",0.91,TRUE,"One biomarker (modelled in isolation)"
30000,"CRP-guided",0.067,FALSE,"One biomarker (modelled in isolation)"
30000,"TMB/BRAF-guided",0.023,FALSE,"One biomarker (modelled in isolation)"
32000,"Standard of Care",0.89,TRUE,"One biomarker (modelled in isolation)"
32000,"CRP-guided",0.076,FALSE,"One biomarker (modelled in isolation)"
32000,"TMB/BRAF-guided",0.034,FALSE,"One biomarker (modelled in isolation)"
34000,"Standard of Care",0.866,TRUE,"One biomarker (modelled in isolation)"
34000,"CRP-guided",0.09,FALSE,"One biomarker (modelled in isolation)"
34000,"TMB/BRAF-guided",0.044,FALSE,"One biomarker (modelled in isolation)"
36000,"Standard of Care",0.847,TRUE,"One biomarker (modelled in isolation)"
36000,"CRP-guided",0.103,FALSE,"One biomarker (modelled in isolation)"
36000,"TMB/BRAF-guided",0.05,FALSE,"One biomarker (modelled in isolation)"
38000,"Standard of Care",0.829,TRUE,"One biomarker (modelled in isolation)"
38000,"CRP-guided",0.116,FALSE,"One biomarker (modelled in isolation)"
38000,"TMB/BRAF-guided",0.055,FALSE,"One biomarker (modelled in isolation)"
40000,"Standard of Care",0.816,TRUE,"One biomarker (modelled in isolation)"
40000,"CRP-guided",0.122,FALSE,"One biomarker (modelled in isolation)"
40000,"TMB/BRAF-guided",0.062,FALSE,"One biomarker (modelled in isolation)"
42000,"Standard of Care",0.8,TRUE,"One biomarker (modelled in isolation)"
42000,"CRP-guided",0.131,FALSE,"One biomarker (modelled in isolation)"
42000,"TMB/BRAF-guided",0.069,FALSE,"One biomarker (modelled in isolation)"
44000,"Standard of Care",0.781,TRUE,"One biomarker (modelled in isolation)"
44000,"CRP-guided",0.136,FALSE,"One biomarker (modelled in isolation)"
44000,"TMB/BRAF-guided",0.083,FALSE,"One biomarker (modelled in isolation)"
46000,"Standard of Care",0.769,TRUE,"One biomarker (modelled in isolation)"
46000,"CRP-guided",0.14,FALSE,"One biomarker (modelled in isolation)"
46000,"TMB/BRAF-guided",0.091,FALSE,"One biomarker (modelled in isolation)"
48000,"Standard of Care",0.75,TRUE,"One biomarker (modelled in isolation)"
48000,"CRP-guided",0.152,FALSE,"One biomarker (modelled in isolation)"
48000,"TMB/BRAF-guided",0.098,FALSE,"One biomarker (modelled in isolation)"
50000,"Standard of Care",0.729,TRUE,"One biomarker (modelled in isolation)"
50000,"CRP-guided",0.163,FALSE,"One biomarker (modelled in isolation)"
50000,"TMB/BRAF-guided",0.108,FALSE,"One biomarker (modelled in isolation)"
51000,"Standard of Care",0.718,TRUE,"One biomarker (modelled in isolation)"
51000,"CRP-guided",0.165,FALSE,"One biomarker (modelled in isolation)"
51000,"TMB/BRAF-guided",0.117,FALSE,"One biomarker (modelled in isolation)"
52000,"Standard of Care",0.711,TRUE,"One biomarker (modelled in isolation)"
52000,"CRP-guided",0.168,FALSE,"One biomarker (modelled in isolation)"
52000,"TMB/BRAF-guided",0.121,FALSE,"One biomarker (modelled in isolation)"
54000,"Standard of Care",0.689,TRUE,"One biomarker (modelled in isolation)"
54000,"CRP-guided",0.179,FALSE,"One biomarker (modelled in isolation)"
54000,"TMB/BRAF-guided",0.132,FALSE,"One biomarker (modelled in isolation)"
56000,"Standard of Care",0.676,TRUE,"One biomarker (modelled in isolation)"
56000,"CRP-guided",0.185,FALSE,"One biomarker (modelled in isolation)"
56000,"TMB/BRAF-guided",0.139,FALSE,"One biomarker (modelled in isolation)"
58000,"Standard of Care",0.666,TRUE,"One biomarker (modelled in isolation)"
58000,"CRP-guided",0.19,FALSE,"One biomarker (modelled in isolation)"
58000,"TMB/BRAF-guided",0.144,FALSE,"One biomarker (modelled in isolation)"
60000,"Standard of Care",0.646,TRUE,"One biomarker (modelled in isolation)"
60000,"CRP-guided",0.198,FALSE,"One biomarker (modelled in isolation)"
60000,"TMB/BRAF-guided",0.156,FALSE,"One biomarker (modelled in isolation)"
62000,"Standard of Care",0.637,TRUE,"One biomarker (modelled in isolation)"
62000,"CRP-guided",0.203,FALSE,"One biomarker (modelled in isolation)"
62000,"TMB/BRAF-guided",0.16,FALSE,"One biomarker (modelled in isolation)"
64000,"Standard of Care",0.63,TRUE,"One biomarker (modelled in isolation)"
64000,"CRP-guided",0.203,FALSE,"One biomarker (modelled in isolation)"
64000,"TMB/BRAF-guided",0.167,FALSE,"One biomarker (modelled in isolation)"
66000,"Standard of Care",0.625,TRUE,"One biomarker (modelled in isolation)"
66000,"CRP-guided",0.201,FALSE,"One biomarker (modelled in isolation)"
66000,"TMB/BRAF-guided",0.174,FALSE,"One biomarker (modelled in isolation)"
68000,"Standard of Care",0.614,TRUE,"One biomarker (modelled in isolation)"
68000,"CRP-guided",0.205,FALSE,"One biomarker (modelled in isolation)"
68000,"TMB/BRAF-guided",0.181,FALSE,"One biomarker (modelled in isolation)"
70000,"Standard of Care",0.605,TRUE,"One biomarker (modelled in isolation)"
70000,"CRP-guided",0.21,FALSE,"One biomarker (modelled in isolation)"
70000,"TMB/BRAF-guided",0.185,FALSE,"One biomarker (modelled in isolation)"
72000,"Standard of Care",0.596,TRUE,"One biomarker (modelled in isolation)"
72000,"CRP-guided",0.212,FALSE,"One biomarker (modelled in isolation)"
72000,"TMB/BRAF-guided",0.192,FALSE,"One biomarker (modelled in isolation)"
74000,"Standard of Care",0.588,TRUE,"One biomarker (modelled in isolation)"
74000,"CRP-guided",0.217,FALSE,"One biomarker (modelled in isolation)"
74000,"TMB/BRAF-guided",0.195,FALSE,"One biomarker (modelled in isolation)"
76000,"Standard of Care",0.58,TRUE,"One biomarker (modelled in isolation)"
76000,"CRP-guided",0.221,FALSE,"One biomarker (modelled in isolation)"
76000,"TMB/BRAF-guided",0.199,FALSE,"One biomarker (modelled in isolation)"
78000,"Standard of Care",0.571,TRUE,"One biomarker (modelled in isolation)"
78000,"CRP-guided",0.223,FALSE,"One biomarker (modelled in isolation)"
78000,"TMB/BRAF-guided",0.206,FALSE,"One biomarker (modelled in isolation)"
80000,"Standard of Care",0.561,TRUE,"One biomarker (modelled in isolation)"
80000,"CRP-guided",0.228,FALSE,"One biomarker (modelled in isolation)"
80000,"TMB/BRAF-guided",0.211,FALSE,"One biomarker (modelled in isolation)"
82000,"Standard of Care",0.552,TRUE,"One biomarker (modelled in isolation)"
82000,"CRP-guided",0.229,FALSE,"One biomarker (modelled in isolation)"
82000,"TMB/BRAF-guided",0.219,FALSE,"One biomarker (modelled in isolation)"
84000,"Standard of Care",0.546,TRUE,"One biomarker (modelled in isolation)"
84000,"CRP-guided",0.231,FALSE,"One biomarker (modelled in isolation)"
84000,"TMB/BRAF-guided",0.223,FALSE,"One biomarker (modelled in isolation)"
86000,"Standard of Care",0.537,TRUE,"One biomarker (modelled in isolation)"
86000,"CRP-guided",0.235,FALSE,"One biomarker (modelled in isolation)"
86000,"TMB/BRAF-guided",0.228,FALSE,"One biomarker (modelled in isolation)"
88000,"Standard of Care",0.529,TRUE,"One biomarker (modelled in isolation)"
88000,"CRP-guided",0.239,FALSE,"One biomarker (modelled in isolation)"
88000,"TMB/BRAF-guided",0.232,FALSE,"One biomarker (modelled in isolation)"
90000,"Standard of Care",0.521,TRUE,"One biomarker (modelled in isolation)"
90000,"CRP-guided",0.24,FALSE,"One biomarker (modelled in isolation)"
90000,"TMB/BRAF-guided",0.239,FALSE,"One biomarker (modelled in isolation)"
92000,"Standard of Care",0.512,TRUE,"One biomarker (modelled in isolation)"
92000,"CRP-guided",0.243,FALSE,"One biomarker (modelled in isolation)"
92000,"TMB/BRAF-guided",0.245,FALSE,"One biomarker (modelled in isolation)"
94000,"Standard of Care",0.505,TRUE,"One biomarker (modelled in isolation)"
94000,"CRP-guided",0.246,FALSE,"One biomarker (modelled in isolation)"
94000,"TMB/BRAF-guided",0.249,FALSE,"One biomarker (modelled in isolation)"
96000,"Standard of Care",0.502,TRUE,"One biomarker (modelled in isolation)"
96000,"CRP-guided",0.246,FALSE,"One biomarker (modelled in isolation)"
96000,"TMB/BRAF-guided",0.252,FALSE,"One biomarker (modelled in isolation)"
98000,"Standard of Care",0.495,TRUE,"One biomarker (modelled in isolation)"
98000,"CRP-guided",0.249,FALSE,"One biomarker (modelled in isolation)"
98000,"TMB/BRAF-guided",0.256,FALSE,"One biomarker (modelled in isolation)"
1e+05,"Standard of Care",0.492,TRUE,"One biomarker (modelled in isolation)"
1e+05,"CRP-guided",0.25,FALSE,"One biomarker (modelled in isolation)"
1e+05,"TMB/BRAF-guided",0.258,FALSE,"One biomarker (modelled in isolation)"
102000,"Standard of Care",0.486,TRUE,"One biomarker (modelled in isolation)"
102000,"CRP-guided",0.251,FALSE,"One biomarker (modelled in isolation)"
102000,"TMB/BRAF-guided",0.263,FALSE,"One biomarker (modelled in isolation)"
104000,"Standard of Care",0.48,TRUE,"One biomarker (modelled in isolation)"
104000,"CRP-guided",0.255,FALSE,"One biomarker (modelled in isolation)"
104000,"TMB/BRAF-guided",0.265,FALSE,"One biomarker (modelled in isolation)"
106000,"Standard of Care",0.476,TRUE,"One biomarker (modelled in isolation)"
106000,"CRP-guided",0.257,FALSE,"One biomarker (modelled in isolation)"
106000,"TMB/BRAF-guided",0.267,FALSE,"One biomarker (modelled in isolation)"
108000,"Standard of Care",0.471,TRUE,"One biomarker (modelled in isolation)"
108000,"CRP-guided",0.259,FALSE,"One biomarker (modelled in isolation)"
108000,"TMB/BRAF-guided",0.27,FALSE,"One biomarker (modelled in isolation)"
110000,"Standard of Care",0.466,TRUE,"One biomarker (modelled in isolation)"
110000,"CRP-guided",0.262,FALSE,"One biomarker (modelled in isolation)"
110000,"TMB/BRAF-guided",0.272,FALSE,"One biomarker (modelled in isolation)"
112000,"Standard of Care",0.462,TRUE,"One biomarker (modelled in isolation)"
112000,"CRP-guided",0.263,FALSE,"One biomarker (modelled in isolation)"
112000,"TMB/BRAF-guided",0.275,FALSE,"One biomarker (modelled in isolation)"
114000,"Standard of Care",0.456,TRUE,"One biomarker (modelled in isolation)"
114000,"CRP-guided",0.264,FALSE,"One biomarker (modelled in isolation)"
114000,"TMB/BRAF-guided",0.28,FALSE,"One biomarker (modelled in isolation)"
116000,"Standard of Care",0.45,TRUE,"One biomarker (modelled in isolation)"
116000,"CRP-guided",0.267,FALSE,"One biomarker (modelled in isolation)"
116000,"TMB/BRAF-guided",0.283,FALSE,"One biomarker (modelled in isolation)"
118000,"Standard of Care",0.444,TRUE,"One biomarker (modelled in isolation)"
118000,"CRP-guided",0.267,FALSE,"One biomarker (modelled in isolation)"
118000,"TMB/BRAF-guided",0.289,FALSE,"One biomarker (modelled in isolation)"
120000,"Standard of Care",0.442,TRUE,"One biomarker (modelled in isolation)"
120000,"CRP-guided",0.269,FALSE,"One biomarker (modelled in isolation)"
120000,"TMB/BRAF-guided",0.289,FALSE,"One biomarker (modelled in isolation)"
122000,"Standard of Care",0.437,TRUE,"One biomarker (modelled in isolation)"
122000,"CRP-guided",0.271,FALSE,"One biomarker (modelled in isolation)"
122000,"TMB/BRAF-guided",0.292,FALSE,"One biomarker (modelled in isolation)"
124000,"Standard of Care",0.429,TRUE,"One biomarker (modelled in isolation)"
124000,"CRP-guided",0.275,FALSE,"One biomarker (modelled in isolation)"
124000,"TMB/BRAF-guided",0.296,FALSE,"One biomarker (modelled in isolation)"
126000,"Standard of Care",0.427,TRUE,"One biomarker (modelled in isolation)"
126000,"CRP-guided",0.275,FALSE,"One biomarker (modelled in isolation)"
126000,"TMB/BRAF-guided",0.298,FALSE,"One biomarker (modelled in isolation)"
128000,"Standard of Care",0.424,TRUE,"One biomarker (modelled in isolation)"
128000,"CRP-guided",0.275,FALSE,"One biomarker (modelled in isolation)"
128000,"TMB/BRAF-guided",0.301,FALSE,"One biomarker (modelled in isolation)"
130000,"Standard of Care",0.423,TRUE,"One biomarker (modelled in isolation)"
130000,"CRP-guided",0.275,FALSE,"One biomarker (modelled in isolation)"
130000,"TMB/BRAF-guided",0.302,FALSE,"One biomarker (modelled in isolation)"
132000,"Standard of Care",0.421,TRUE,"One biomarker (modelled in isolation)"
132000,"CRP-guided",0.277,FALSE,"One biomarker (modelled in isolation)"
132000,"TMB/BRAF-guided",0.302,FALSE,"One biomarker (modelled in isolation)"
134000,"Standard of Care",0.421,TRUE,"One biomarker (modelled in isolation)"
134000,"CRP-guided",0.275,FALSE,"One biomarker (modelled in isolation)"
134000,"TMB/BRAF-guided",0.304,FALSE,"One biomarker (modelled in isolation)"
136000,"Standard of Care",0.419,TRUE,"One biomarker (modelled in isolation)"
136000,"CRP-guided",0.274,FALSE,"One biomarker (modelled in isolation)"
136000,"TMB/BRAF-guided",0.307,FALSE,"One biomarker (modelled in isolation)"
138000,"Standard of Care",0.412,TRUE,"One biomarker (modelled in isolation)"
138000,"CRP-guided",0.277,FALSE,"One biomarker (modelled in isolation)"
138000,"TMB/BRAF-guided",0.311,FALSE,"One biomarker (modelled in isolation)"
140000,"Standard of Care",0.409,TRUE,"One biomarker (modelled in isolation)"
140000,"CRP-guided",0.278,FALSE,"One biomarker (modelled in isolation)"
140000,"TMB/BRAF-guided",0.313,FALSE,"One biomarker (modelled in isolation)"
142000,"Standard of Care",0.408,TRUE,"One biomarker (modelled in isolation)"
142000,"CRP-guided",0.277,FALSE,"One biomarker (modelled in isolation)"
142000,"TMB/BRAF-guided",0.315,FALSE,"One biomarker (modelled in isolation)"
144000,"Standard of Care",0.407,TRUE,"One biomarker (modelled in isolation)"
144000,"CRP-guided",0.277,FALSE,"One biomarker (modelled in isolation)"
144000,"TMB/BRAF-guided",0.316,FALSE,"One biomarker (modelled in isolation)"
146000,"Standard of Care",0.404,TRUE,"One biomarker (modelled in isolation)"
146000,"CRP-guided",0.278,FALSE,"One biomarker (modelled in isolation)"
146000,"TMB/BRAF-guided",0.318,FALSE,"One biomarker (modelled in isolation)"
148000,"Standard of Care",0.403,TRUE,"One biomarker (modelled in isolation)"
148000,"CRP-guided",0.278,FALSE,"One biomarker (modelled in isolation)"
148000,"TMB/BRAF-guided",0.319,FALSE,"One biomarker (modelled in isolation)"
150000,"Standard of Care",0.4,TRUE,"One biomarker (modelled in isolation)"
150000,"CRP-guided",0.279,FALSE,"One biomarker (modelled in isolation)"
150000,"TMB/BRAF-guided",0.321,FALSE,"One biomarker (modelled in isolation)"
0,"Standard of Care",1,TRUE,"Two biomarkers (joint, correlation-adjusted)"
0,"CRP-guided",0,FALSE,"Two biomarkers (joint, correlation-adjusted)"
0,"TMB/BRAF-guided",0,FALSE,"Two biomarkers (joint, correlation-adjusted)"
2000,"Standard of Care",1,TRUE,"Two biomarkers (joint, correlation-adjusted)"
2000,"CRP-guided",0,FALSE,"Two biomarkers (joint, correlation-adjusted)"
2000,"TMB/BRAF-guided",0,FALSE,"Two biomarkers (joint, correlation-adjusted)"
4000,"Standard of Care",1,TRUE,"Two biomarkers (joint, correlation-adjusted)"
4000,"CRP-guided",0,FALSE,"Two biomarkers (joint, correlation-adjusted)"
4000,"TMB/BRAF-guided",0,FALSE,"Two biomarkers (joint, correlation-adjusted)"
6000,"Standard of Care",1,TRUE,"Two biomarkers (joint, correlation-adjusted)"
6000,"CRP-guided",0,FALSE,"Two biomarkers (joint, correlation-adjusted)"
6000,"TMB/BRAF-guided",0,FALSE,"Two biomarkers (joint, correlation-adjusted)"
8000,"Standard of Care",1,TRUE,"Two biomarkers (joint, correlation-adjusted)"
8000,"CRP-guided",0,FALSE,"Two biomarkers (joint, correlation-adjusted)"
8000,"TMB/BRAF-guided",0,FALSE,"Two biomarkers (joint, correlation-adjusted)"
10000,"Standard of Care",1,TRUE,"Two biomarkers (joint, correlation-adjusted)"
10000,"CRP-guided",0,FALSE,"Two biomarkers (joint, correlation-adjusted)"
10000,"TMB/BRAF-guided",0,FALSE,"Two biomarkers (joint, correlation-adjusted)"
12000,"Standard of Care",1,TRUE,"Two biomarkers (joint, correlation-adjusted)"
12000,"CRP-guided",0,FALSE,"Two biomarkers (joint, correlation-adjusted)"
12000,"TMB/BRAF-guided",0,FALSE,"Two biomarkers (joint, correlation-adjusted)"
14000,"Standard of Care",1,TRUE,"Two biomarkers (joint, correlation-adjusted)"
14000,"CRP-guided",0,FALSE,"Two biomarkers (joint, correlation-adjusted)"
14000,"TMB/BRAF-guided",0,FALSE,"Two biomarkers (joint, correlation-adjusted)"
16000,"Standard of Care",1,TRUE,"Two biomarkers (joint, correlation-adjusted)"
16000,"CRP-guided",0,FALSE,"Two biomarkers (joint, correlation-adjusted)"
16000,"TMB/BRAF-guided",0,FALSE,"Two biomarkers (joint, correlation-adjusted)"
18000,"Standard of Care",1,TRUE,"Two biomarkers (joint, correlation-adjusted)"
18000,"CRP-guided",0,FALSE,"Two biomarkers (joint, correlation-adjusted)"
18000,"TMB/BRAF-guided",0,FALSE,"Two biomarkers (joint, correlation-adjusted)"
20000,"Standard of Care",0.999,TRUE,"Two biomarkers (joint, correlation-adjusted)"
20000,"CRP-guided",0.001,FALSE,"Two biomarkers (joint, correlation-adjusted)"
20000,"TMB/BRAF-guided",0,FALSE,"Two biomarkers (joint, correlation-adjusted)"
22000,"Standard of Care",0.998,TRUE,"Two biomarkers (joint, correlation-adjusted)"
22000,"CRP-guided",0.002,FALSE,"Two biomarkers (joint, correlation-adjusted)"
22000,"TMB/BRAF-guided",0,FALSE,"Two biomarkers (joint, correlation-adjusted)"
24000,"Standard of Care",0.997,TRUE,"Two biomarkers (joint, correlation-adjusted)"
24000,"CRP-guided",0.003,FALSE,"Two biomarkers (joint, correlation-adjusted)"
24000,"TMB/BRAF-guided",0,FALSE,"Two biomarkers (joint, correlation-adjusted)"
26000,"Standard of Care",0.991,TRUE,"Two biomarkers (joint, correlation-adjusted)"
26000,"CRP-guided",0.009,FALSE,"Two biomarkers (joint, correlation-adjusted)"
26000,"TMB/BRAF-guided",0,FALSE,"Two biomarkers (joint, correlation-adjusted)"
28000,"Standard of Care",0.984,TRUE,"Two biomarkers (joint, correlation-adjusted)"
28000,"CRP-guided",0.016,FALSE,"Two biomarkers (joint, correlation-adjusted)"
28000,"TMB/BRAF-guided",0,FALSE,"Two biomarkers (joint, correlation-adjusted)"
30000,"Standard of Care",0.975,TRUE,"Two biomarkers (joint, correlation-adjusted)"
30000,"CRP-guided",0.024,FALSE,"Two biomarkers (joint, correlation-adjusted)"
30000,"TMB/BRAF-guided",0.001,FALSE,"Two biomarkers (joint, correlation-adjusted)"
32000,"Standard of Care",0.966,TRUE,"Two biomarkers (joint, correlation-adjusted)"
32000,"CRP-guided",0.032,FALSE,"Two biomarkers (joint, correlation-adjusted)"
32000,"TMB/BRAF-guided",0.002,FALSE,"Two biomarkers (joint, correlation-adjusted)"
34000,"Standard of Care",0.956,TRUE,"Two biomarkers (joint, correlation-adjusted)"
34000,"CRP-guided",0.042,FALSE,"Two biomarkers (joint, correlation-adjusted)"
34000,"TMB/BRAF-guided",0.002,FALSE,"Two biomarkers (joint, correlation-adjusted)"
36000,"Standard of Care",0.944,TRUE,"Two biomarkers (joint, correlation-adjusted)"
36000,"CRP-guided",0.053,FALSE,"Two biomarkers (joint, correlation-adjusted)"
36000,"TMB/BRAF-guided",0.003,FALSE,"Two biomarkers (joint, correlation-adjusted)"
38000,"Standard of Care",0.933,TRUE,"Two biomarkers (joint, correlation-adjusted)"
38000,"CRP-guided",0.064,FALSE,"Two biomarkers (joint, correlation-adjusted)"
38000,"TMB/BRAF-guided",0.003,FALSE,"Two biomarkers (joint, correlation-adjusted)"
40000,"Standard of Care",0.919,TRUE,"Two biomarkers (joint, correlation-adjusted)"
40000,"CRP-guided",0.078,FALSE,"Two biomarkers (joint, correlation-adjusted)"
40000,"TMB/BRAF-guided",0.003,FALSE,"Two biomarkers (joint, correlation-adjusted)"
42000,"Standard of Care",0.904,TRUE,"Two biomarkers (joint, correlation-adjusted)"
42000,"CRP-guided",0.09,FALSE,"Two biomarkers (joint, correlation-adjusted)"
42000,"TMB/BRAF-guided",0.006,FALSE,"Two biomarkers (joint, correlation-adjusted)"
44000,"Standard of Care",0.889,TRUE,"Two biomarkers (joint, correlation-adjusted)"
44000,"CRP-guided",0.1,FALSE,"Two biomarkers (joint, correlation-adjusted)"
44000,"TMB/BRAF-guided",0.011,FALSE,"Two biomarkers (joint, correlation-adjusted)"
46000,"Standard of Care",0.872,TRUE,"Two biomarkers (joint, correlation-adjusted)"
46000,"CRP-guided",0.113,FALSE,"Two biomarkers (joint, correlation-adjusted)"
46000,"TMB/BRAF-guided",0.015,FALSE,"Two biomarkers (joint, correlation-adjusted)"
48000,"Standard of Care",0.858,TRUE,"Two biomarkers (joint, correlation-adjusted)"
48000,"CRP-guided",0.126,FALSE,"Two biomarkers (joint, correlation-adjusted)"
48000,"TMB/BRAF-guided",0.016,FALSE,"Two biomarkers (joint, correlation-adjusted)"
50000,"Standard of Care",0.842,TRUE,"Two biomarkers (joint, correlation-adjusted)"
50000,"CRP-guided",0.139,FALSE,"Two biomarkers (joint, correlation-adjusted)"
50000,"TMB/BRAF-guided",0.019,FALSE,"Two biomarkers (joint, correlation-adjusted)"
51000,"Standard of Care",0.83,TRUE,"Two biomarkers (joint, correlation-adjusted)"
51000,"CRP-guided",0.15,FALSE,"Two biomarkers (joint, correlation-adjusted)"
51000,"TMB/BRAF-guided",0.02,FALSE,"Two biomarkers (joint, correlation-adjusted)"
52000,"Standard of Care",0.824,TRUE,"Two biomarkers (joint, correlation-adjusted)"
52000,"CRP-guided",0.156,FALSE,"Two biomarkers (joint, correlation-adjusted)"
52000,"TMB/BRAF-guided",0.02,FALSE,"Two biomarkers (joint, correlation-adjusted)"
54000,"Standard of Care",0.815,TRUE,"Two biomarkers (joint, correlation-adjusted)"
54000,"CRP-guided",0.163,FALSE,"Two biomarkers (joint, correlation-adjusted)"
54000,"TMB/BRAF-guided",0.022,FALSE,"Two biomarkers (joint, correlation-adjusted)"
56000,"Standard of Care",0.804,TRUE,"Two biomarkers (joint, correlation-adjusted)"
56000,"CRP-guided",0.171,FALSE,"Two biomarkers (joint, correlation-adjusted)"
56000,"TMB/BRAF-guided",0.025,FALSE,"Two biomarkers (joint, correlation-adjusted)"
58000,"Standard of Care",0.794,TRUE,"Two biomarkers (joint, correlation-adjusted)"
58000,"CRP-guided",0.179,FALSE,"Two biomarkers (joint, correlation-adjusted)"
58000,"TMB/BRAF-guided",0.027,FALSE,"Two biomarkers (joint, correlation-adjusted)"
60000,"Standard of Care",0.777,TRUE,"Two biomarkers (joint, correlation-adjusted)"
60000,"CRP-guided",0.189,FALSE,"Two biomarkers (joint, correlation-adjusted)"
60000,"TMB/BRAF-guided",0.034,FALSE,"Two biomarkers (joint, correlation-adjusted)"
62000,"Standard of Care",0.766,TRUE,"Two biomarkers (joint, correlation-adjusted)"
62000,"CRP-guided",0.198,FALSE,"Two biomarkers (joint, correlation-adjusted)"
62000,"TMB/BRAF-guided",0.036,FALSE,"Two biomarkers (joint, correlation-adjusted)"
64000,"Standard of Care",0.756,TRUE,"Two biomarkers (joint, correlation-adjusted)"
64000,"CRP-guided",0.203,FALSE,"Two biomarkers (joint, correlation-adjusted)"
64000,"TMB/BRAF-guided",0.041,FALSE,"Two biomarkers (joint, correlation-adjusted)"
66000,"Standard of Care",0.741,TRUE,"Two biomarkers (joint, correlation-adjusted)"
66000,"CRP-guided",0.21,FALSE,"Two biomarkers (joint, correlation-adjusted)"
66000,"TMB/BRAF-guided",0.049,FALSE,"Two biomarkers (joint, correlation-adjusted)"
68000,"Standard of Care",0.732,TRUE,"Two biomarkers (joint, correlation-adjusted)"
68000,"CRP-guided",0.217,FALSE,"Two biomarkers (joint, correlation-adjusted)"
68000,"TMB/BRAF-guided",0.051,FALSE,"Two biomarkers (joint, correlation-adjusted)"
70000,"Standard of Care",0.719,TRUE,"Two biomarkers (joint, correlation-adjusted)"
70000,"CRP-guided",0.225,FALSE,"Two biomarkers (joint, correlation-adjusted)"
70000,"TMB/BRAF-guided",0.056,FALSE,"Two biomarkers (joint, correlation-adjusted)"
72000,"Standard of Care",0.707,TRUE,"Two biomarkers (joint, correlation-adjusted)"
72000,"CRP-guided",0.235,FALSE,"Two biomarkers (joint, correlation-adjusted)"
72000,"TMB/BRAF-guided",0.058,FALSE,"Two biomarkers (joint, correlation-adjusted)"
74000,"Standard of Care",0.699,TRUE,"Two biomarkers (joint, correlation-adjusted)"
74000,"CRP-guided",0.238,FALSE,"Two biomarkers (joint, correlation-adjusted)"
74000,"TMB/BRAF-guided",0.063,FALSE,"Two biomarkers (joint, correlation-adjusted)"
76000,"Standard of Care",0.689,TRUE,"Two biomarkers (joint, correlation-adjusted)"
76000,"CRP-guided",0.245,FALSE,"Two biomarkers (joint, correlation-adjusted)"
76000,"TMB/BRAF-guided",0.066,FALSE,"Two biomarkers (joint, correlation-adjusted)"
78000,"Standard of Care",0.682,TRUE,"Two biomarkers (joint, correlation-adjusted)"
78000,"CRP-guided",0.252,FALSE,"Two biomarkers (joint, correlation-adjusted)"
78000,"TMB/BRAF-guided",0.066,FALSE,"Two biomarkers (joint, correlation-adjusted)"
80000,"Standard of Care",0.676,TRUE,"Two biomarkers (joint, correlation-adjusted)"
80000,"CRP-guided",0.254,FALSE,"Two biomarkers (joint, correlation-adjusted)"
80000,"TMB/BRAF-guided",0.07,FALSE,"Two biomarkers (joint, correlation-adjusted)"
82000,"Standard of Care",0.67,TRUE,"Two biomarkers (joint, correlation-adjusted)"
82000,"CRP-guided",0.256,FALSE,"Two biomarkers (joint, correlation-adjusted)"
82000,"TMB/BRAF-guided",0.074,FALSE,"Two biomarkers (joint, correlation-adjusted)"
84000,"Standard of Care",0.66,TRUE,"Two biomarkers (joint, correlation-adjusted)"
84000,"CRP-guided",0.263,FALSE,"Two biomarkers (joint, correlation-adjusted)"
84000,"TMB/BRAF-guided",0.077,FALSE,"Two biomarkers (joint, correlation-adjusted)"
86000,"Standard of Care",0.653,TRUE,"Two biomarkers (joint, correlation-adjusted)"
86000,"CRP-guided",0.265,FALSE,"Two biomarkers (joint, correlation-adjusted)"
86000,"TMB/BRAF-guided",0.082,FALSE,"Two biomarkers (joint, correlation-adjusted)"
88000,"Standard of Care",0.644,TRUE,"Two biomarkers (joint, correlation-adjusted)"
88000,"CRP-guided",0.273,FALSE,"Two biomarkers (joint, correlation-adjusted)"
88000,"TMB/BRAF-guided",0.083,FALSE,"Two biomarkers (joint, correlation-adjusted)"
90000,"Standard of Care",0.64,TRUE,"Two biomarkers (joint, correlation-adjusted)"
90000,"CRP-guided",0.276,FALSE,"Two biomarkers (joint, correlation-adjusted)"
90000,"TMB/BRAF-guided",0.084,FALSE,"Two biomarkers (joint, correlation-adjusted)"
92000,"Standard of Care",0.63,TRUE,"Two biomarkers (joint, correlation-adjusted)"
92000,"CRP-guided",0.283,FALSE,"Two biomarkers (joint, correlation-adjusted)"
92000,"TMB/BRAF-guided",0.087,FALSE,"Two biomarkers (joint, correlation-adjusted)"
94000,"Standard of Care",0.624,TRUE,"Two biomarkers (joint, correlation-adjusted)"
94000,"CRP-guided",0.287,FALSE,"Two biomarkers (joint, correlation-adjusted)"
94000,"TMB/BRAF-guided",0.089,FALSE,"Two biomarkers (joint, correlation-adjusted)"
96000,"Standard of Care",0.62,TRUE,"Two biomarkers (joint, correlation-adjusted)"
96000,"CRP-guided",0.288,FALSE,"Two biomarkers (joint, correlation-adjusted)"
96000,"TMB/BRAF-guided",0.092,FALSE,"Two biomarkers (joint, correlation-adjusted)"
98000,"Standard of Care",0.612,TRUE,"Two biomarkers (joint, correlation-adjusted)"
98000,"CRP-guided",0.294,FALSE,"Two biomarkers (joint, correlation-adjusted)"
98000,"TMB/BRAF-guided",0.094,FALSE,"Two biomarkers (joint, correlation-adjusted)"
1e+05,"Standard of Care",0.607,TRUE,"Two biomarkers (joint, correlation-adjusted)"
1e+05,"CRP-guided",0.297,FALSE,"Two biomarkers (joint, correlation-adjusted)"
1e+05,"TMB/BRAF-guided",0.096,FALSE,"Two biomarkers (joint, correlation-adjusted)"
102000,"Standard of Care",0.599,TRUE,"Two biomarkers (joint, correlation-adjusted)"
102000,"CRP-guided",0.3,FALSE,"Two biomarkers (joint, correlation-adjusted)"
102000,"TMB/BRAF-guided",0.101,FALSE,"Two biomarkers (joint, correlation-adjusted)"
104000,"Standard of Care",0.594,TRUE,"Two biomarkers (joint, correlation-adjusted)"
104000,"CRP-guided",0.303,FALSE,"Two biomarkers (joint, correlation-adjusted)"
104000,"TMB/BRAF-guided",0.103,FALSE,"Two biomarkers (joint, correlation-adjusted)"
106000,"Standard of Care",0.588,TRUE,"Two biomarkers (joint, correlation-adjusted)"
106000,"CRP-guided",0.307,FALSE,"Two biomarkers (joint, correlation-adjusted)"
106000,"TMB/BRAF-guided",0.105,FALSE,"Two biomarkers (joint, correlation-adjusted)"
108000,"Standard of Care",0.58,TRUE,"Two biomarkers (joint, correlation-adjusted)"
108000,"CRP-guided",0.313,FALSE,"Two biomarkers (joint, correlation-adjusted)"
108000,"TMB/BRAF-guided",0.107,FALSE,"Two biomarkers (joint, correlation-adjusted)"
110000,"Standard of Care",0.576,TRUE,"Two biomarkers (joint, correlation-adjusted)"
110000,"CRP-guided",0.315,FALSE,"Two biomarkers (joint, correlation-adjusted)"
110000,"TMB/BRAF-guided",0.109,FALSE,"Two biomarkers (joint, correlation-adjusted)"
112000,"Standard of Care",0.571,TRUE,"Two biomarkers (joint, correlation-adjusted)"
112000,"CRP-guided",0.316,FALSE,"Two biomarkers (joint, correlation-adjusted)"
112000,"TMB/BRAF-guided",0.113,FALSE,"Two biomarkers (joint, correlation-adjusted)"
114000,"Standard of Care",0.569,TRUE,"Two biomarkers (joint, correlation-adjusted)"
114000,"CRP-guided",0.317,FALSE,"Two biomarkers (joint, correlation-adjusted)"
114000,"TMB/BRAF-guided",0.114,FALSE,"Two biomarkers (joint, correlation-adjusted)"
116000,"Standard of Care",0.56,TRUE,"Two biomarkers (joint, correlation-adjusted)"
116000,"CRP-guided",0.323,FALSE,"Two biomarkers (joint, correlation-adjusted)"
116000,"TMB/BRAF-guided",0.117,FALSE,"Two biomarkers (joint, correlation-adjusted)"
118000,"Standard of Care",0.557,TRUE,"Two biomarkers (joint, correlation-adjusted)"
118000,"CRP-guided",0.325,FALSE,"Two biomarkers (joint, correlation-adjusted)"
118000,"TMB/BRAF-guided",0.118,FALSE,"Two biomarkers (joint, correlation-adjusted)"
120000,"Standard of Care",0.546,TRUE,"Two biomarkers (joint, correlation-adjusted)"
120000,"CRP-guided",0.333,FALSE,"Two biomarkers (joint, correlation-adjusted)"
120000,"TMB/BRAF-guided",0.121,FALSE,"Two biomarkers (joint, correlation-adjusted)"
122000,"Standard of Care",0.543,TRUE,"Two biomarkers (joint, correlation-adjusted)"
122000,"CRP-guided",0.335,FALSE,"Two biomarkers (joint, correlation-adjusted)"
122000,"TMB/BRAF-guided",0.122,FALSE,"Two biomarkers (joint, correlation-adjusted)"
124000,"Standard of Care",0.541,TRUE,"Two biomarkers (joint, correlation-adjusted)"
124000,"CRP-guided",0.337,FALSE,"Two biomarkers (joint, correlation-adjusted)"
124000,"TMB/BRAF-guided",0.122,FALSE,"Two biomarkers (joint, correlation-adjusted)"
126000,"Standard of Care",0.538,TRUE,"Two biomarkers (joint, correlation-adjusted)"
126000,"CRP-guided",0.338,FALSE,"Two biomarkers (joint, correlation-adjusted)"
126000,"TMB/BRAF-guided",0.124,FALSE,"Two biomarkers (joint, correlation-adjusted)"
128000,"Standard of Care",0.535,TRUE,"Two biomarkers (joint, correlation-adjusted)"
128000,"CRP-guided",0.34,FALSE,"Two biomarkers (joint, correlation-adjusted)"
128000,"TMB/BRAF-guided",0.125,FALSE,"Two biomarkers (joint, correlation-adjusted)"
130000,"Standard of Care",0.534,TRUE,"Two biomarkers (joint, correlation-adjusted)"
130000,"CRP-guided",0.341,FALSE,"Two biomarkers (joint, correlation-adjusted)"
130000,"TMB/BRAF-guided",0.125,FALSE,"Two biomarkers (joint, correlation-adjusted)"
132000,"Standard of Care",0.533,TRUE,"Two biomarkers (joint, correlation-adjusted)"
132000,"CRP-guided",0.341,FALSE,"Two biomarkers (joint, correlation-adjusted)"
132000,"TMB/BRAF-guided",0.126,FALSE,"Two biomarkers (joint, correlation-adjusted)"
134000,"Standard of Care",0.529,TRUE,"Two biomarkers (joint, correlation-adjusted)"
134000,"CRP-guided",0.344,FALSE,"Two biomarkers (joint, correlation-adjusted)"
134000,"TMB/BRAF-guided",0.127,FALSE,"Two biomarkers (joint, correlation-adjusted)"
136000,"Standard of Care",0.527,TRUE,"Two biomarkers (joint, correlation-adjusted)"
136000,"CRP-guided",0.346,FALSE,"Two biomarkers (joint, correlation-adjusted)"
136000,"TMB/BRAF-guided",0.127,FALSE,"Two biomarkers (joint, correlation-adjusted)"
138000,"Standard of Care",0.524,TRUE,"Two biomarkers (joint, correlation-adjusted)"
138000,"CRP-guided",0.348,FALSE,"Two biomarkers (joint, correlation-adjusted)"
138000,"TMB/BRAF-guided",0.128,FALSE,"Two biomarkers (joint, correlation-adjusted)"
140000,"Standard of Care",0.522,TRUE,"Two biomarkers (joint, correlation-adjusted)"
140000,"CRP-guided",0.348,FALSE,"Two biomarkers (joint, correlation-adjusted)"
140000,"TMB/BRAF-guided",0.13,FALSE,"Two biomarkers (joint, correlation-adjusted)"
142000,"Standard of Care",0.52,TRUE,"Two biomarkers (joint, correlation-adjusted)"
142000,"CRP-guided",0.349,FALSE,"Two biomarkers (joint, correlation-adjusted)"
142000,"TMB/BRAF-guided",0.131,FALSE,"Two biomarkers (joint, correlation-adjusted)"
144000,"Standard of Care",0.519,TRUE,"Two biomarkers (joint, correlation-adjusted)"
144000,"CRP-guided",0.349,FALSE,"Two biomarkers (joint, correlation-adjusted)"
144000,"TMB/BRAF-guided",0.132,FALSE,"Two biomarkers (joint, correlation-adjusted)"
146000,"Standard of Care",0.518,TRUE,"Two biomarkers (joint, correlation-adjusted)"
146000,"CRP-guided",0.35,FALSE,"Two biomarkers (joint, correlation-adjusted)"
146000,"TMB/BRAF-guided",0.132,FALSE,"Two biomarkers (joint, correlation-adjusted)"
148000,"Standard of Care",0.513,TRUE,"Two biomarkers (joint, correlation-adjusted)"
148000,"CRP-guided",0.353,FALSE,"Two biomarkers (joint, correlation-adjusted)"
148000,"TMB/BRAF-guided",0.134,FALSE,"Two biomarkers (joint, correlation-adjusted)"
150000,"Standard of Care",0.512,TRUE,"Two biomarkers (joint, correlation-adjusted)"
150000,"CRP-guided",0.354,FALSE,"Two biomarkers (joint, correlation-adjusted)"
150000,"TMB/BRAF-guided",0.134,FALSE,"Two biomarkers (joint, correlation-adjusted)"
