"Parameter","Base_case","Range","Range_type","Distribution","Source","Notes"
"CRP-positive (week 4, < 5 mg/L)","0.338","0.271<U+2013>0.406","One-way DSA (<U+00B1>20%)","Joint Dirichlet (derived marginal)","METIMMOX","23/68; 95% CI 22.8<U+2013>46.3%"
"TMB/BRAF-positive","0.441","0.353<U+2013>0.529","One-way DSA (<U+00B1>20%)","Joint Dirichlet (derived marginal)","METIMMOX","30/68; 95% CI 32.1<U+2013>56.7%"
"Progression-free","0.73","0.58<U+2013>0.88","One-way DSA (<U+00B1>20%)","Beta","CORRECT trial (Gourzoulidis et al. 2018)","EQ-5D in regorafenib-treated mCRC (Grothey et al. 2013)"
"Post-progression","0.59","0.47<U+2013>0.71","One-way DSA (<U+00B1>20%)","Derived (u_np - decrement)","CORRECT trial (Gourzoulidis et al. 2018)","EQ-5D in regorafenib-treated mCRC (Grothey et al. 2013) - sampled as u_np minus a non-negative decrement"
"Nivolumab per administration","<U+20AC>13,923","11,138<U+2013>16,708","One-way DSA (<U+00B1>20%)","Fixed","Assumption","Assumption: 40% discount off list price; Norwegian hospital (LIS tender) prices are confidential and cannot be cited"
"FLOX per cycle","<U+20AC>427","342<U+2013>512","One-way DSA (<U+00B1>20%)","Fixed","NoMA",""
"CRP testing","<U+20AC>16","13<U+2013>19","One-way DSA (<U+00B1>20%)","Fixed","Local","CRP strategy only"
"NGS testing","<U+20AC>2,518","2,014<U+2013>3,022","One-way DSA (<U+00B1>20%)","Fixed","Local","TMB/BRAF strategy only"
"CT scan (monitoring)","<U+20AC>386","309<U+2013>463","One-way DSA (<U+00B1>20%)","Fixed","Ref 27","Every 12 weeks"
"End-of-life","<U+20AC>13,803","11,042<U+2013>16,564","One-way DSA (<U+00B1>20%)","Gamma","Ref 28",""
"Discount rate (costs and QALYs)","4%","0%<U+2013>8%","Structural scenario","Fixed","NoMA guidelines","Varied in deterministic scenarios only"
"Time horizon","10 years","5<U+2013>20 years","Structural scenario","Fixed","Assumption","Varied in deterministic scenarios only"
"Post-progression treatment cost (per quarter)","<U+20AC>0","<U+20AC>0<U+2013><U+20AC>5,000","Structural scenario","Fixed","Assumption","Zero in the base case; second-line therapy is outside the modeled scope"
"Second treatment sequence (weeks 24<U+2013>38)","Given to all progression-free patients","Given<U+2013>omitted","Structural scenario","Fixed","METIMMOX protocol","Base case gives it to every progression-free patient at weeks 24-38"
