"Model","Outcome","Parameter","est","se","L95","U95"
"Joint economic model (CRP + TMB/BRAF)","OS","shape",2.4302767848456,0.423558529554166,1.7270498323325,3.41984645746017
"Joint economic model (CRP + TMB/BRAF)","OS","rate",0.0185243724019495,0.0122617646065948,0.00506187049799366,0.067791614388816
"Joint economic model (CRP + TMB/BRAF)","OS","Age",0.00361544409232006,0.00922776219277735,-0.0144706374634239,0.021701525648064
"Joint economic model (CRP + TMB/BRAF)","OS","sex1",0.179648063128553,0.167460410446822,-0.148568310183513,0.507864436440619
"Joint economic model (CRP + TMB/BRAF)","OS","RxExperimental arm",0.221521317580529,0.23647839329481,-0.241967816399198,0.685010451560255
"Joint economic model (CRP + TMB/BRAF)","OS","crp1",-0.389604542571527,0.330575780483166,-1.03752116647975,0.258312081336698
"Joint economic model (CRP + TMB/BRAF)","OS","tmb_braf1",-0.0663148215308367,0.247449329673789,-0.551306595690042,0.418676952628369
"Joint economic model (CRP + TMB/BRAF)","OS","RxExperimental arm:crp1",-0.171135531808524,0.413697324721586,-0.981967388763404,0.639696325146355
"Joint economic model (CRP + TMB/BRAF)","OS","RxExperimental arm:tmb_braf1",-0.0982215804800369,0.34510783715059,-0.774620512077706,0.578177351117633
"Joint economic model (CRP + TMB/BRAF)","PFS","shape",1.89798385870564,0.334775467852005,1.34323969242492,2.68183165537934
"Joint economic model (CRP + TMB/BRAF)","PFS","rate",0.0644443976489217,0.051055810595444,0.0136403095363847,0.30447112488571
"Joint economic model (CRP + TMB/BRAF)","PFS","Age",-0.00688337995618018,0.0111845398824975,-0.0288046753095272,0.0150379153971668
"Joint economic model (CRP + TMB/BRAF)","PFS","sex1",0.114247123149804,0.211448641581854,-0.300184598930548,0.528678845230157
"Joint economic model (CRP + TMB/BRAF)","PFS","RxExperimental arm",0.497012744377373,0.296264788897812,-0.0836555717496997,1.07768106050445
"Joint economic model (CRP + TMB/BRAF)","PFS","crp1",0.0190234756629538,0.470308072176558,-0.902763407441564,0.940810358767471
"Joint economic model (CRP + TMB/BRAF)","PFS","tmb_braf1",-0.255458591368499,0.337770706905655,-0.917477011936217,0.406559829199219
"Joint economic model (CRP + TMB/BRAF)","PFS","RxExperimental arm:crp1",-0.957394340352161,0.564248960091892,-2.06330198044645,0.148513299742126
"Joint economic model (CRP + TMB/BRAF)","PFS","RxExperimental arm:tmb_braf1",-0.325462500303227,0.455281764963984,-1.21779836245046,0.566873361844011
