"Domain","Item","Effect","p-value","Conclusion"
"Direct edge","Age -> TMB_BRAF","Median Age: TMB/BRAF=0=61.0, TMB/BRAF=1=65.0","0.450","No association detected (p >= 0.05)"
"Direct edge","Age -> OS","1.00 (95% CI 0.98 to 1.03)","0.861","No association detected (p >= 0.05)"
"Direct edge","Sex -> TMB_BRAF","0.87 (95% CI 0.30 to 2.48)","0.812","No association detected (p >= 0.05)"
"Direct edge","TMB_BRAF -> PFS","0.49 (95% CI 0.28 to 0.84)","0.009","Association detected (p < 0.05)"
"Direct edge","TMB_BRAF -> OS","0.68 (95% CI 0.40 to 1.13)","0.139","No association detected (p >= 0.05)"
"Direct edge","TMB_BRAF -> TLR","0.92 (95% CI 0.34 to 2.52)","0.877","No association detected (p >= 0.05)"
"Direct edge","CRP -> PFS","0.41 (95% CI 0.23 to 0.71)","0.001","Association detected (p < 0.05)"
"Direct edge","CRP -> OS","0.49 (95% CI 0.27 to 0.84)","0.009","Association detected (p < 0.05)"
"Direct edge","CRP -> TLR","3.48 (95% CI 1.14 to 12.59)","0.028","Association detected (p < 0.05)"
"Direct edge","T -> PFS","0.80 (95% CI 0.49 to 1.33)","0.392","No association detected (p >= 0.05)"
"Direct edge","T -> OS","0.96 (95% CI 0.58 to 1.61)","0.873","No association detected (p >= 0.05)"
"Direct edge","T -> TLR","0.33 (95% CI 0.11 to 0.90)","0.030","Association detected (p < 0.05)"
"Direct edge","TLR -> PFS","0.31 (95% CI 0.19 to 0.53)","<0.001","Association detected (p < 0.05)"
"Direct edge","PFS -> OS","0.98 (95% CI 0.98 to 0.99)","<0.001","Association detected (p < 0.05)"
"Direct edge","TxTMB -> PFS","0.36 (95% CI 0.13 to 1.00)","0.051","No association detected (p >= 0.05)"
"Direct edge","TxTMB -> OS","0.63 (95% CI 0.22 to 1.79)","0.385","No association detected (p >= 0.05)"
"Conditional independence","Age _||_ CRP","Median Age: CRP=0=65.0, CRP=1=64.5","0.961","Compatible with DAG-implied CI"
"Conditional independence","Age _||_ Sex","Median Age: Sex=0=65.5, Sex=1=64.5","0.961","Compatible with DAG-implied CI"
"Conditional independence","Age _||_ T","Median Age: T=0=65.5, T=1=60.5","0.172","Compatible with arm balance"
"Conditional independence","Age _||_ TLR | {CRP, TMB_BRAF}","1.03 (95% CI 0.98 to 1.08)","0.292","Compatible with DAG-implied CI"
"Conditional independence","Age _||_ TxTMB | {TMB_BRAF}","Standardized Z = 0.77","0.457","Compatible with DAG-implied CI"
"Conditional independence","CRP _||_ Sex","0.74 (95% CI 0.25 to 2.23)","0.619","Compatible with DAG-implied CI"
"Conditional independence","CRP _||_ T","3.51 (95% CI 1.12 to 12.10)","0.023","Arm imbalance in realised sample"
"Conditional independence","CRP _||_ TxTMB | {TMB_BRAF}","21.67 (95% CI 2.23 to 210.11)","0.007","CI contradicted by data"
"Conditional independence","Sex _||_ T","0.58 (95% CI 0.21 to 1.59)","0.254","Compatible with arm balance"
"Conditional independence","Sex _||_ TxTMB | {TMB_BRAF}","0.52 (95% CI 0.12 to 2.17)","0.592","Compatible with DAG-implied CI"
"Conditional independence","Sex _||_ TLR | {CRP, TMB_BRAF}","1.13 (95% CI 0.40 to 3.21)","0.812","Compatible with DAG-implied CI"
"Conditional independence","TLR _||_ TxTMB | {T, TMB_BRAF}","2.31 (95% CI 0.29 to 19.27)","0.426","Compatible with DAG-implied CI"
"Conditional independence","T _||_ TMB_BRAF","0.96 (95% CI 0.33 to 2.76)","1.000","Compatible with arm balance"
