"scenario_name","wtp","param_group","EVPPI","Population_EVPPI_M"
"Base Case",51000,"Biomarker prevalence",33.4068517478881,0.416747401585589
"Base Case",51000,"Biomarker-treatment interaction",165.48573192914,2.0644192784589
"Base Case",51000,"Drug costs",498.654629064695,6.22067061331137
"Base Case",51000,"Other costs",284.272928118211,3.5462786205791
"Base Case",51000,"Test costs",53.514858558221,0.667592936283461
"Base Case",51000,"Utilities",469.163901048203,5.85277649492839
"Decreased Nivolumab Cost",51000,"Biomarker prevalence",33.4068517478881,0.416747401585589
"Decreased Nivolumab Cost",51000,"Biomarker-treatment interaction",220.418904049839,2.74970554592653
"Decreased Nivolumab Cost",51000,"Drug costs",502.89390401126,6.27355517818808
"Decreased Nivolumab Cost",51000,"Other costs",284.272928118211,3.5462786205791
"Decreased Nivolumab Cost",51000,"Test costs",53.514858558221,0.667592936283461
"Decreased Nivolumab Cost",51000,"Utilities",469.163901048203,5.85277649492839
"WTP €100,000",1e+05,"Biomarker prevalence",53.067941706453,0.662017689681216
"WTP €100,000",1e+05,"Biomarker-treatment interaction",340.120554070512,4.24297261545148
"WTP €100,000",1e+05,"Drug costs",785.38185346988,9.79756635423562
"WTP €100,000",1e+05,"Other costs",205.621084208353,2.56510410504216
"WTP €100,000",1e+05,"Test costs",86.7309412554459,1.08196051151586
"WTP €100,000",1e+05,"Utilities",966.70554395151,12.0595627082891
"WTP €100,000 + Decreased Nivolumab",1e+05,"Biomarker prevalence",133.508200703174,1.66550251886374
"WTP €100,000 + Decreased Nivolumab",1e+05,"Biomarker-treatment interaction",8157.47311150613,101.763726446908
"WTP €100,000 + Decreased Nivolumab",1e+05,"Drug costs",1058.74106125845,13.2076973179408
"WTP €100,000 + Decreased Nivolumab",1e+05,"Other costs",205.310062745455,2.5612241409115
"WTP €100,000 + Decreased Nivolumab",1e+05,"Test costs",69.498464358694,0.866986947894764
"WTP €100,000 + Decreased Nivolumab",1e+05,"Utilities",1419.0883821473,17.7029969882621
"WTP €150,000",150000,"Biomarker prevalence",73.1302783988649,0.912293493860412
"WTP €150,000",150000,"Biomarker-treatment interaction",612.503479438659,7.64092454579561
"WTP €150,000",150000,"Drug costs",1073.63486312152,13.3934961257126
"WTP €150,000",150000,"Other costs",197.906651450845,2.46886726624452
"WTP €150,000",150000,"Test costs",120.624903191376,1.50478456787527
"WTP €150,000",150000,"Utilities",1474.4010979344,18.3930180280441
"WTP €150,000 + Decreased Nivolumab",150000,"Biomarker prevalence",182.565400457243,2.27748657174192
"WTP €150,000 + Decreased Nivolumab",150000,"Biomarker-treatment interaction",12715.3981523623,158.623421928952
"WTP €150,000 + Decreased Nivolumab",150000,"Drug costs",772.878939459828,9.64159365243002
"WTP €150,000 + Decreased Nivolumab",150000,"Other costs",77.2281055467029,0.963413510463482
"WTP €150,000 + Decreased Nivolumab",150000,"Test costs",105.219248280686,1.31260044043321
"WTP €150,000 + Decreased Nivolumab",150000,"Utilities",926.904316160362,11.5630460539496
