"os_formula_set","os_distribution","os_ic","pfs_formula_set","pfs_distribution","pfs_ic","combined_ic","ordered","n_violations","max_pfs_minus_os","check_error","Selected"
"full","weibull",666.984678522628,"full","lognormal",634.955910017933,1301.94058854056,FALSE,865,0.0252108435634764,NA,FALSE
"full","weibullph",666.984678522628,"full","lognormal",634.955910017933,1301.94058854056,FALSE,865,0.0252108435417036,NA,FALSE
"full","gamma",667.307913240618,"full","lognormal",634.955910017933,1302.26382325855,FALSE,563,0.0111628923691792,NA,FALSE
"full","llogis",668.856357176647,"full","lognormal",634.955910017933,1303.81226719458,FALSE,8,6.21875770910885e-05,NA,FALSE
"full","weibull",666.984678522628,"full","gamma",636.855140997175,1303.8398195198,FALSE,241,0.000922550719347988,NA,FALSE
"full","weibullph",666.984678522628,"full","gamma",636.855140997175,1303.8398195198,FALSE,241,0.000922550715967592,NA,FALSE
"full","gengamma",668.973607823269,"full","lognormal",634.955910017933,1303.9295178412,FALSE,826,0.0218752755879755,NA,FALSE
"full","weibull",666.984678522628,"full","gengamma",636.955699062704,1303.94037758533,FALSE,855,0.0247471077314172,NA,FALSE
"full","weibullph",666.984678522628,"full","gengamma",636.955699062704,1303.94037758533,FALSE,855,0.0247471077099493,NA,FALSE
"full","gamma",667.307913240618,"full","gamma",636.855140997175,1304.16305423779,TRUE,0,0,NA,TRUE
"full","gamma",667.307913240618,"full","gengamma",636.955699062704,1304.26361230332,FALSE,555,0.0108143490558214,NA,FALSE
"full","weibull",666.984678522628,"full","llogis",637.392357632005,1304.37703615463,FALSE,1162,0.0316278916750859,NA,FALSE
"full","weibullph",666.984678522628,"full","llogis",637.392357632005,1304.37703615463,FALSE,1162,0.0316278916564804,NA,FALSE
"full","gamma",667.307913240618,"full","llogis",637.392357632005,1304.70027087262,FALSE,1014,0.0188182568835151,NA,FALSE
"full","weibull",666.984678522628,"full","weibull",638.250356918319,1305.23503544095,TRUE,0,0,NA,FALSE
"full","weibull",666.984678522628,"full","weibullph",638.250356918319,1305.23503544095,TRUE,0,0,NA,FALSE
"full","weibullph",666.984678522628,"full","weibull",638.250356918319,1305.23503544095,TRUE,0,0,NA,FALSE
"full","weibullph",666.984678522628,"full","weibullph",638.250356918319,1305.23503544095,TRUE,0,0,NA,FALSE
"full","gamma",667.307913240618,"full","weibull",638.250356918319,1305.55827015894,TRUE,0,0,NA,FALSE
"full","gamma",667.307913240618,"full","weibullph",638.250356918319,1305.55827015894,TRUE,0,0,NA,FALSE
"full","llogis",668.856357176647,"full","gamma",636.855140997175,1305.71149817382,TRUE,0,0,NA,FALSE
"full","llogis",668.856357176647,"full","gengamma",636.955699062704,1305.81205623935,FALSE,7,5.76212291345524e-05,NA,FALSE
"full","gengamma",668.973607823269,"full","gamma",636.855140997175,1305.82874882044,FALSE,110,0.000326600073149404,NA,FALSE
"full","lognormal",670.971700689053,"full","lognormal",634.955910017933,1305.92761070699,TRUE,0,0,NA,FALSE
"full","gengamma",668.973607823269,"full","gengamma",636.955699062704,1305.92930688597,FALSE,814,0.0214304813652859,NA,FALSE
"full","genf",670.97551882089,"full","lognormal",634.955910017933,1305.93142883882,FALSE,837,0.0223353143172539,NA,FALSE
"full","weibull",666.984678522628,"full","genf",638.95681158429,1305.94149010692,FALSE,855,0.0247784931235129,NA,FALSE
"full","weibullph",666.984678522628,"full","genf",638.95681158429,1305.94149010692,FALSE,855,0.0247784931020451,NA,FALSE
"full","llogis",668.856357176647,"full","llogis",637.392357632005,1306.24871480865,TRUE,0,0,NA,FALSE
"full","gamma",667.307913240618,"full","genf",638.95681158429,1306.26472482491,FALSE,556,0.0108387996810487,NA,FALSE
"full","gengamma",668.973607823269,"full","llogis",637.392357632005,1306.36596545527,FALSE,1144,0.0286395182871492,NA,FALSE
"full","llogis",668.856357176647,"full","weibull",638.250356918319,1307.10671409497,TRUE,0,0,NA,FALSE
"full","llogis",668.856357176647,"full","weibullph",638.250356918319,1307.10671409497,TRUE,0,0,NA,FALSE
"full","gengamma",668.973607823269,"full","weibull",638.250356918319,1307.22396474159,TRUE,0,0,NA,FALSE
"full","gengamma",668.973607823269,"full","weibullph",638.250356918319,1307.22396474159,TRUE,0,0,NA,FALSE
"full","weibull",666.984678522628,"full","gompertz",640.681148477382,1307.66582700001,TRUE,0,0,NA,FALSE
"full","weibullph",666.984678522628,"full","gompertz",640.681148477382,1307.66582700001,TRUE,0,0,NA,FALSE
"full","llogis",668.856357176647,"full","genf",638.95681158429,1307.81316876094,FALSE,7,5.8079159920732e-05,NA,FALSE
"full","lognormal",670.971700689053,"full","gamma",636.855140997175,1307.82684168623,TRUE,0,0,NA,FALSE
"full","genf",670.97551882089,"full","gamma",636.855140997175,1307.83065981806,FALSE,130,0.00037896068118846,NA,FALSE
"full","lognormal",670.971700689053,"full","gengamma",636.955699062704,1307.92739975176,TRUE,0,0,NA,FALSE
"full","gengamma",668.973607823269,"full","genf",638.95681158429,1307.93041940756,FALSE,815,0.0214607879034535,NA,FALSE
"full","genf",670.97551882089,"full","gengamma",636.955699062704,1307.93121788359,FALSE,825,0.0218874285543925,NA,FALSE
"full","gamma",667.307913240618,"full","gompertz",640.681148477382,1307.989061718,TRUE,0,0,NA,FALSE
"full","lognormal",670.971700689053,"full","llogis",637.392357632005,1308.36405832106,FALSE,68,0.00118456795436906,NA,FALSE
"full","genf",670.97551882089,"full","llogis",637.392357632005,1308.36787645289,FALSE,1150,0.0290464954437267,NA,FALSE
"full","gompertz",673.657852790447,"full","lognormal",634.955910017933,1308.61376280838,FALSE,1339,0.0538086549430377,NA,FALSE
"full","lognormal",670.971700689053,"full","weibull",638.250356918319,1309.22205760737,TRUE,0,0,NA,FALSE
"full","lognormal",670.971700689053,"full","weibullph",638.250356918319,1309.22205760737,TRUE,0,0,NA,FALSE
"full","genf",670.97551882089,"full","weibull",638.250356918319,1309.22587573921,TRUE,0,0,NA,FALSE
"full","genf",670.97551882089,"full","weibullph",638.250356918319,1309.22587573921,TRUE,0,0,NA,FALSE
"full","llogis",668.856357176647,"full","gompertz",640.681148477382,1309.53750565403,TRUE,0,0,NA,FALSE
"full","gengamma",668.973607823269,"full","gompertz",640.681148477382,1309.65475630065,TRUE,0,0,NA,FALSE
"full","lognormal",670.971700689053,"full","genf",638.95681158429,1309.92851227334,TRUE,0,0,NA,FALSE
"full","genf",670.97551882089,"full","genf",638.95681158429,1309.93233040518,FALSE,825,0.0219178880109278,NA,FALSE
"full","gompertz",673.657852790447,"full","gamma",636.855140997175,1310.51299378762,FALSE,1008,0.015852750609235,NA,FALSE
"full","gompertz",673.657852790447,"full","gengamma",636.955699062704,1310.61355185315,FALSE,1335,0.0532605969257297,NA,FALSE
"full","gompertz",673.657852790447,"full","llogis",637.392357632005,1311.05021042245,FALSE,1423,0.0573791441271337,NA,FALSE
"full","lognormal",670.971700689053,"full","gompertz",640.681148477382,1311.65284916644,TRUE,0,0,NA,FALSE
"full","genf",670.97551882089,"full","gompertz",640.681148477382,1311.65666729827,TRUE,0,0,NA,FALSE
"full","gompertz",673.657852790447,"full","weibull",638.250356918319,1311.90820970877,FALSE,871,0.00997672199457125,NA,FALSE
"full","gompertz",673.657852790447,"full","weibullph",638.250356918319,1311.90820970877,FALSE,871,0.00997672282042885,NA,FALSE
"full","gompertz",673.657852790447,"full","genf",638.95681158429,1312.61466437474,FALSE,1336,0.0532973683796472,NA,FALSE
"full","weibull",666.984678522628,"full","exponential",645.752955519003,1312.73763404163,FALSE,736,0.0194823135511635,NA,FALSE
"full","weibullph",666.984678522628,"full","exponential",645.752955519003,1312.73763404163,FALSE,736,0.0194823135287704,NA,FALSE
"full","gamma",667.307913240618,"full","exponential",645.752955519003,1313.06086875962,FALSE,360,0.00551308113173819,NA,FALSE
"full","gompertz",673.657852790447,"full","gompertz",640.681148477382,1314.33900126783,TRUE,0,0,NA,FALSE
"full","llogis",668.856357176647,"full","exponential",645.752955519003,1314.60931269565,TRUE,0,0,NA,FALSE
"full","gengamma",668.973607823269,"full","exponential",645.752955519003,1314.72656334227,FALSE,689,0.0160867328798414,NA,FALSE
"full","lognormal",670.971700689053,"full","exponential",645.752955519003,1316.72465620806,TRUE,0,0,NA,FALSE
"full","genf",670.97551882089,"full","exponential",645.752955519003,1316.72847433989,FALSE,696,0.0165550076895659,NA,FALSE
"full","gompertz",673.657852790447,"full","exponential",645.752955519003,1319.41080830945,FALSE,1253,0.0486096494048647,NA,FALSE
"full","exponential",686.138605725575,"full","lognormal",634.955910017933,1321.09451574351,FALSE,102,0.0678016767865973,NA,FALSE
"full","exponential",686.138605725575,"full","gamma",636.855140997175,1322.99374672275,FALSE,92,0.0313543920624634,NA,FALSE
"full","exponential",686.138605725575,"full","gengamma",636.955699062704,1323.09430478828,FALSE,101,0.0674026694708619,NA,FALSE
"full","exponential",686.138605725575,"full","llogis",637.392357632005,1323.53096335758,FALSE,109,0.0585461051099013,NA,FALSE
"full","exponential",686.138605725575,"full","weibull",638.250356918319,1324.38896264389,FALSE,74,0.0195426125928004,NA,FALSE
"full","exponential",686.138605725575,"full","weibullph",638.250356918319,1324.38896264389,FALSE,74,0.0195426133056066,NA,FALSE
"full","exponential",686.138605725575,"full","genf",638.95681158429,1325.09541730986,FALSE,102,0.0674709449961376,NA,FALSE
"full","exponential",686.138605725575,"full","gompertz",640.681148477382,1326.81975420296,TRUE,0,0,NA,FALSE
"full","exponential",686.138605725575,"full","exponential",645.752955519003,1331.89156124458,TRUE,0,0,NA,FALSE
