year,age,sex,qx
2025,0,male,0.002714
2025,0,female,0.002186
2025,1,male,0.000221
2025,1,female,7.7e-05
2025,2,male,0.000146
2025,2,female,3.8e-05
2025,3,male,6.7e-05
2025,3,female,7.000000000000001e-05
2025,4,male,7.000000000000001e-05
2025,4,female,3.7e-05
2025,5,male,3.4e-05
2025,5,female,3.5999999999999994e-05
2025,6,male,0.0001
2025,6,female,3.5000000000000004e-05
2025,7,male,3.2e-05
2025,7,female,0.000103
2025,8,male,0.000124
2025,8,female,0.0
2025,9,male,6.2e-05
2025,9,female,6.6e-05
2025,10,male,9.2e-05
2025,10,female,3.3e-05
2025,11,male,6.2e-05
2025,11,female,3.2e-05
2025,12,male,2.9999999999999997e-05
2025,12,female,3.1e-05
2025,13,male,8.8e-05
2025,13,female,9.4e-05
2025,14,male,0.00014299999999999998
2025,14,female,8.999999999999999e-05
2025,15,male,0.00019600000000000002
2025,15,female,5.9e-05
2025,16,male,0.000252
2025,16,female,5.9999999999999995e-05
2025,17,male,0.000315
2025,17,female,0.000154
2025,18,male,0.000705
2025,18,female,0.00027400000000000005
2025,19,male,0.00023400000000000002
2025,19,female,0.000187
2025,20,male,0.000352
2025,20,female,0.000124
2025,21,male,0.000505
2025,21,female,0.000186
2025,22,male,0.000544
2025,22,female,9.4e-05
2025,23,male,0.00023300000000000003
2025,23,female,0.000154
2025,24,male,0.00046800000000000005
2025,24,female,0.000177
2025,25,male,0.000707
2025,25,female,0.000203
2025,26,male,0.0006810000000000001
2025,26,female,0.000285
2025,27,male,0.0005809999999999999
2025,27,female,0.000194
2025,28,male,0.000565
2025,28,female,0.00026900000000000003
2025,29,male,0.00046100000000000004
2025,29,female,0.000242
2025,30,male,0.00074
2025,30,female,0.00032
2025,31,male,0.0008070000000000001
2025,31,female,0.000263
2025,32,male,0.000735
2025,32,female,0.00036199999999999996
2025,33,male,0.0006540000000000001
2025,33,female,0.00040500000000000003
2025,34,male,0.0005520000000000001
2025,34,female,0.000347
2025,35,male,0.000728
2025,35,female,0.000277
2025,36,male,0.000683
2025,36,female,0.000583
2025,37,male,0.000969
2025,37,female,0.000419
2025,38,male,0.0008349999999999999
2025,38,female,0.00032
2025,39,male,0.000569
2025,39,female,0.0006770000000000001
2025,40,male,0.001214
2025,40,female,0.0005470000000000001
2025,41,male,0.0007650000000000001
2025,41,female,0.000417
2025,42,male,0.001238
2025,42,female,0.00038700000000000003
2025,43,male,0.001253
2025,43,female,0.00087
2025,44,male,0.001229
2025,44,female,0.0006450000000000001
2025,45,male,0.001008
2025,45,female,0.0009130000000000001
2025,46,male,0.0014
2025,46,female,0.000921
2025,47,male,0.001278
2025,47,female,0.001118
2025,48,male,0.001772
2025,48,female,0.0011020000000000001
2025,49,male,0.001853
2025,49,female,0.000955
2025,50,male,0.001817
2025,50,female,0.001028
2025,51,male,0.001992
2025,51,female,0.001287
2025,52,male,0.002264
2025,52,female,0.001934
2025,53,male,0.00269
2025,53,female,0.001589
2025,54,male,0.002801
2025,54,female,0.001988
2025,55,male,0.0026829999999999996
2025,55,female,0.002063
2025,56,male,0.003801
2025,56,female,0.002063
2025,57,male,0.0035009999999999998
2025,57,female,0.002287
2025,58,male,0.004229
2025,58,female,0.002782
2025,59,male,0.004986
2025,59,female,0.002943
2025,60,male,0.005327
2025,60,female,0.004283
2025,61,male,0.005804
2025,61,female,0.003702
2025,62,male,0.006944
2025,62,female,0.003645
2025,63,male,0.0077729999999999995
2025,63,female,0.005352
2025,64,male,0.0071189999999999995
2025,64,female,0.005256
2025,65,male,0.008936999999999999
2025,65,female,0.005456000000000001
2025,66,male,0.009654
2025,66,female,0.007054
2025,67,male,0.011098
2025,67,female,0.007469
2025,68,male,0.011399
2025,68,female,0.008136
2025,69,male,0.013662
2025,69,female,0.009884
2025,70,male,0.014532999999999999
2025,70,female,0.009524
2025,71,male,0.016412
2025,71,female,0.012251
2025,72,male,0.019969999999999998
2025,72,female,0.012572
2025,73,male,0.020777
2025,73,female,0.014624
2025,74,male,0.023254999999999998
2025,74,female,0.017282
2025,75,male,0.02734
2025,75,female,0.018063
2025,76,male,0.027523
2025,76,female,0.019676
2025,77,male,0.030687000000000002
2025,77,female,0.024027
2025,78,male,0.037533000000000004
2025,78,female,0.025828
2025,79,male,0.045395000000000005
2025,79,female,0.030866
2025,80,male,0.04555
2025,80,female,0.034104
2025,81,male,0.053188
2025,81,female,0.041649
2025,82,male,0.062229999999999994
2025,82,female,0.044756
2025,83,male,0.071336
2025,83,female,0.052599
2025,84,male,0.07595099999999999
2025,84,female,0.053531
2025,85,male,0.08848
2025,85,female,0.064468
2025,86,male,0.094444
2025,86,female,0.077571
2025,87,male,0.118285
2025,87,female,0.083625
2025,88,male,0.13050399999999998
2025,88,female,0.093439
2025,89,male,0.141937
2025,89,female,0.114828
2025,90,male,0.159102
2025,90,female,0.13324
2025,91,male,0.187878
2025,91,female,0.154894
2025,92,male,0.20468799999999998
2025,92,female,0.159537
2025,93,male,0.215709
2025,93,female,0.18022300000000002
2025,94,male,0.255168
2025,94,female,0.222342
2025,95,male,0.278872
2025,95,female,0.238759
2025,96,male,0.30741
2025,96,female,0.274568
2025,97,male,0.33744999999999997
2025,97,female,0.296685
2025,98,male,0.293151
2025,98,female,0.308517
2025,99,male,0.35882
2025,99,female,0.32280200000000003
2025,100,male,0.36385500000000004
2025,100,female,0.346518
2025,101,male,0.354188
2025,101,female,0.400704
2025,102,male,0.550671
2025,102,female,0.42152999999999996
2025,103,male,0.35882
2025,103,female,0.448848
2025,104,male,0.272004
2025,104,female,0.35630399999999995
2025,105,male,0.32968000000000003
2025,105,female,0.498251
2025,106,male,1.0
2025,106,female,1.0
