id,source,doi,population,era,msi_selection,median_age,endpoint,measure,time_years,estimate,lower,upper,n,events,ci_method,role,note
nordic7_a_os_median,Tveit 2012 (NORDIC-VII arm A),10.1200/JCO.2011.38.0915,"First-line Nordic FLOX, randomised trial, ITT",2005-2007,not selected,61.2,OS,median_months,,20.4,17.0,23.7,185,,reported,comparable,"CI as tabulated from Tveit 2012 in Oncotarget 2016 Table 2 (doi:10.18632/oncotarget.8644); OS from randomisation"
nordic7_a_pfs_median,Tveit 2012 (NORDIC-VII arm A),10.1200/JCO.2011.38.0915,"First-line Nordic FLOX, randomised trial, ITT",2005-2007,not selected,61.2,PFS,median_months,,7.9,7.3,8.5,185,,reported,comparable,"CI as tabulated from Tveit 2012 in Oncotarget 2016 Table 2 (doi:10.18632/oncotarget.8644); PFS from randomisation"
nordic7_a_os_alive_6p5y,Guren 2017 (NORDIC-VII final analysis),10.1038/bjc.2017.93,"First-line Nordic FLOX, randomised trial, ITT",2005-2007,not selected,61.2,OS,survival,6.5,0.0649,,,185,,none,lower_bound,"12 of 185 arm-A patients alive at the 30 Apr 2014 censoring date; enrolment ended Oct 2007, so each had at least 6.5 years of follow-up; S(6.5 y) >= 12/185"
aasebo_mss_comb_os_median,Aasebo 2019 (Scandinavian population-based cohort),10.1002/cam4.2205,"MSS, first-line combination chemotherapy, population-based",2003-2006,MSS only,70,OS,median_months,,20,17.3,22.7,264,248,reported,comparable,"Table 2; OS from date of metastatic disease, not from start of chemotherapy; median age is for the whole cohort"
aasebo_mss_comb_pfs_median,Aasebo 2019 (Scandinavian population-based cohort),10.1002/cam4.2205,"MSS, first-line combination chemotherapy, population-based",2003-2006,MSS only,70,PFS,median_months,,8,7.8,9.0,264,253,reported,comparable,"Table 2; PFS from first chemotherapy administration; median age is for the whole cohort"
aasebo_mss_chemo_os_median,Aasebo 2019 (Scandinavian population-based cohort),10.1002/cam4.2205,"MSS, any first-line chemotherapy, population-based",2003-2006,MSS only,70,OS,median_months,,18,15.8,20.2,344,327,reported,lower_bound,"Table 2; includes monotherapy and patients with performance status >1; OS from date of metastatic disease"
aasebo_mss_chemo_pfs_median,Aasebo 2019 (Scandinavian population-based cohort),10.1002/cam4.2205,"MSS, any first-line chemotherapy, population-based",2003-2006,MSS only,70,PFS,median_months,,8,7.2,8.6,343,331,reported,lower_bound,"Table 2; includes monotherapy and patients with performance status >1"
cnorway_sync_pall_os_median,Central Norway 2025 (population-based),10.2340/1651-226X.2025.42985,"Synchronous metastases, primary palliative chemotherapy",2001-2015,not selected,68,OS,median_months,,15,,,726,,none,lower_bound,"Table 2; survival from diagnosis of metastases; excludes curative-intent patients"
cnorway_sync_pall_os_3y,Central Norway 2025 (population-based),10.2340/1651-226X.2025.42985,"Synchronous metastases, primary palliative chemotherapy",2001-2015,not selected,68,OS,survival,3,0.092,0.070,0.114,726,,reported,lower_bound,"Table 2 and text; survival from diagnosis of metastases"
cnorway_meta_pall_os_median,Central Norway 2025 (population-based),10.2340/1651-226X.2025.42985,"Metachronous metastases, primary palliative chemotherapy",2001-2015,not selected,69,OS,median_months,,18,,,333,,none,lower_bound,"Table 2; survival from diagnosis of metastases; excludes curative-intent patients"
cnorway_meta_pall_os_3y,Central Norway 2025 (population-based),10.2340/1651-226X.2025.42985,"Metachronous metastases, primary palliative chemotherapy",2001-2015,not selected,69,OS,survival,3,0.177,0.142,0.225,333,,reported,lower_bound,"Text; survival from diagnosis of metastases"
sorbye_no_all_os_median,Sorbye 2013 (Norwegian Cancer Registry),10.1093/annonc/mdt197,"Synchronous mCRC, all patients incl. untreated, all ages",2006-2008,not selected,,OS,median_months,,10,,,,,none,lower_bound,"Abstract; Norwegian patients diagnosed 2006-2008"
sorbye_no_all_os_3y,Sorbye 2013 (Norwegian Cancer Registry),10.1093/annonc/mdt197,"Synchronous mCRC, all patients incl. untreated, all ages",2006-2008,not selected,,OS,survival,3,0.21,,,,,none,lower_bound,"Abstract; Norwegian patients diagnosed 2006-2008"
sorbye_no_all_os_5y,Sorbye 2013 (Norwegian Cancer Registry),10.1093/annonc/mdt197,"Synchronous mCRC, all patients incl. untreated, all ages",2006-2008,not selected,,OS,survival,5,0.09,,,,,none,lower_bound,"Abstract; Norwegian patients diagnosed 2006-2008"
sorbye_no_lt60_os_median,Sorbye 2013 (Norwegian Cancer Registry),10.1093/annonc/mdt197,"Synchronous mCRC, all patients incl. untreated, age <60",2006-2008,not selected,,OS,median_months,,16,,,,,none,lower_bound,"Abstract; patients <60 years, latest period"
sorbye_no_lt60_os_3y,Sorbye 2013 (Norwegian Cancer Registry),10.1093/annonc/mdt197,"Synchronous mCRC, all patients incl. untreated, age <60",2006-2008,not selected,,OS,survival,3,0.28,,,,,none,lower_bound,"Abstract; patients <60 years, latest period"
sorbye_no_lt60_os_5y,Sorbye 2013 (Norwegian Cancer Registry),10.1093/annonc/mdt197,"Synchronous mCRC, all patients incl. untreated, age <60",2006-2008,not selected,,OS,survival,5,0.14,,,,,none,lower_bound,"Abstract; patients <60 years, latest period"
