"file","generating_vignette","source_cache_fingerprints","render_time","status","artifact_md5","source_code_sha256","trial_data_md5","comparison_with_predecessor"
"outputs/figs/clin_effect_figure1.eps","outputs/vignettes/clin_effect_figure1.qmd","","2026-09-30T17:31:41Z","written","bb2af05d3a97b125b62dbeaa873c707a","3df2d13ee3d0e36bc3b0da6f14bf641aaee76aaf66c6759b4956646658bd0014","2d77b9ba02584a3e0b6b246271dae085","unchanged"
"outputs/figs/clin_effect_figure1.png","outputs/vignettes/clin_effect_figure1.qmd","","2026-09-30T17:31:41Z","written","757dd3cee31786e60fd8a88a624a1c31","3df2d13ee3d0e36bc3b0da6f14bf641aaee76aaf66c6759b4956646658bd0014","2d77b9ba02584a3e0b6b246271dae085","unchanged"
"outputs/figs/clin_effect_figure_s1.png","outputs/vignettes/clin_effect_figure_s1.qmd","","2026-09-30T17:30:49Z","written","7a8303c86b9bba0d02a3c1fb74dbfa0a","7f5c9b3fd9c57cfcdc51932e57667081c020e9582865bd8cabbd76fc6069d08e","2d77b9ba02584a3e0b6b246271dae085","unchanged"
"outputs/figs/clin_effect_figure_sensitivity_dag.png","outputs/vignettes/clin_effect_figure_sensitivity_dag.qmd","","2026-09-30T17:31:05Z","written","a6614b16a2b8245d0ecd1dbb715f8ffa","35e7ffb59d117dff3e974836895747349c7d263cdcec00b1659ae0d565843668","2d77b9ba02584a3e0b6b246271dae085","unchanged"
"outputs/figs/clin_effect_figure_simplified_dag.png","outputs/vignettes/clin_effect_figure_simplified_dag.qmd","","2026-09-30T17:31:17Z","written","5d652b943b5f156c7f0987001a41f8e6","f0b9b0074657da3f2a78e790177a71dae7b52bee8786b70fc005bf31c0ddf696","2d77b9ba02584a3e0b6b246271dae085","unchanged"
"outputs/figs/figure1.png","outputs/vignettes/figure1.qmd","sampling_models=09df4ea65ee297a56ef6fdef1e6207c2d052da3f908229ed359a84fd16b9ced8","2026-09-30T17:36:03Z","written","6fcd8747f09634283a0250ba02a78910","00460ac8070ba1763baa007c41589378fbe5d867815f3fee27560c3645472eb0","2d77b9ba02584a3e0b6b246271dae085","changed"
"outputs/figs/figure2.png","outputs/vignettes/figure2.qmd","","2026-09-30T17:36:23Z","written","b6e64ba383920b4b78c893ff2f83a70d","5efeeb141ae5fbdce3ab2dec010559480fa9e17bc5ea4ce580eb3fc943d780a8","2d77b9ba02584a3e0b6b246271dae085","changed"
"outputs/figs/figure3.png","outputs/vignettes/figure3.qmd","sampling_models=09df4ea65ee297a56ef6fdef1e6207c2d052da3f908229ed359a84fd16b9ced8;psa_obj=90c6e7561a5fa405f5be55a2ea818d94a1c3f2c2b326dc60c392732bfd266352","2026-09-30T17:36:52Z","written","4edcbc48dbff9a692839ea2caaf6257e","be6bdbcf63df8dfa3c8f9662814e5f05e168b1c9e5cfe8978480aba2b160e509","2d77b9ba02584a3e0b6b246271dae085","changed"
"outputs/figs/figure4.png","outputs/vignettes/figure4.qmd","sampling_models=09df4ea65ee297a56ef6fdef1e6207c2d052da3f908229ed359a84fd16b9ced8;base_psa=90c6e7561a5fa405f5be55a2ea818d94a1c3f2c2b326dc60c392732bfd266352;scenario_cache=47af1dea22ef40151f4b03cf9c1dd75f8f01b8f1b3b5304160680d439780b6df","2026-09-30T17:37:18Z","written","720b2c0dee454412a328379ad6656475","1c8e81ee962117e8bc6257179e07a5844d56847658ccd4a7caa35cee0f2bf9af","2d77b9ba02584a3e0b6b246271dae085","changed"
"outputs/figs/figure5.png","outputs/vignettes/figure5.qmd","sampling_models=09df4ea65ee297a56ef6fdef1e6207c2d052da3f908229ed359a84fd16b9ced8;evppi_cache=47af1dea22ef40151f4b03cf9c1dd75f8f01b8f1b3b5304160680d439780b6df","2026-09-30T17:37:40Z","written","1cd83524f5c7887fe34192f396340cf1","eca9ba43168efe27617773fea771ffdd0c8d68f0ae656358fb77ed05e2e40a46","2d77b9ba02584a3e0b6b246271dae085","changed"
"outputs/figs/figure_pfs_os_curves_crp.png","outputs/vignettes/figure_pfs_os_curves.qmd","","2026-10-01T08:04:31Z","written","875fbfb0d0f110d8b0c4e3e5a48e9b5e","5952b7a711b98a6381f2c90bcab9025ef878c23ad06f7e33e07a49aac6a1320c","2d77b9ba02584a3e0b6b246271dae085","unchanged"
"outputs/figs/figure_pfs_os_curves_soc.png","outputs/vignettes/figure_pfs_os_curves.qmd","","2026-10-01T08:04:31Z","written","c6e7947eabbfa1109f849499ad80e298","5952b7a711b98a6381f2c90bcab9025ef878c23ad06f7e33e07a49aac6a1320c","2d77b9ba02584a3e0b6b246271dae085","changed"
"outputs/figs/figure_pfs_os_curves_tmb_braf.png","outputs/vignettes/figure_pfs_os_curves.qmd","","2026-10-01T08:04:31Z","written","28d713461eb564a66558a314d770f0a0","5952b7a711b98a6381f2c90bcab9025ef878c23ad06f7e33e07a49aac6a1320c","2d77b9ba02584a3e0b6b246271dae085","unchanged"
"outputs/figs/figure_s1.png","outputs/vignettes/figure_s1.qmd","","2026-09-30T17:32:53Z","written","5661fc7408dc5d53e06f640a8734d9f0","9d5367b928c715ac678a839f516ae56f9747d579fe0b3535d11e1f1e5b875733","2d77b9ba02584a3e0b6b246271dae085","unchanged"
"outputs/figs/figure_s2.png","outputs/vignettes/figure_s2.qmd","","2026-09-30T17:33:18Z","written","2af4419ab90d53b6647e0c3ca409d732","bc2c80db37a0b950e6c3e86c1bd6ba9ae7855cb0c46e3fac1d3220826319d99b","2d77b9ba02584a3e0b6b246271dae085","unchanged"
"outputs/figs/figure_s3.png","outputs/vignettes/figure3.qmd","sampling_models=09df4ea65ee297a56ef6fdef1e6207c2d052da3f908229ed359a84fd16b9ced8;psa_obj=90c6e7561a5fa405f5be55a2ea818d94a1c3f2c2b326dc60c392732bfd266352","2026-09-30T17:36:52Z","written","8c5f48fe346009d332ffdcc7396ed59f","be6bdbcf63df8dfa3c8f9662814e5f05e168b1c9e5cfe8978480aba2b160e509","2d77b9ba02584a3e0b6b246271dae085","changed"
"outputs/figs/figure_s4.png","outputs/vignettes/figure4.qmd","sampling_models=09df4ea65ee297a56ef6fdef1e6207c2d052da3f908229ed359a84fd16b9ced8;base_psa=90c6e7561a5fa405f5be55a2ea818d94a1c3f2c2b326dc60c392732bfd266352;scenario_cache=47af1dea22ef40151f4b03cf9c1dd75f8f01b8f1b3b5304160680d439780b6df","2026-09-30T17:37:18Z","written","0efd84bd2a88ddc21d836957e925e0e9","1c8e81ee962117e8bc6257179e07a5844d56847658ccd4a7caa35cee0f2bf9af","2d77b9ba02584a3e0b6b246271dae085","changed"
"outputs/figs/figure_s5.png","outputs/vignettes/figure_s5.qmd","","2026-10-01T08:03:56Z","written","d46263f7fb9b5daed1d2d8f2c626952c","53c2608fcf95278f8cd0994521deab40cc8c94dd4256a2e563dd05201786d05e","2d77b9ba02584a3e0b6b246271dae085","unchanged"
"outputs/figs/poster_ceac.png","outputs/vignettes/poster_SMDM.qmd","sampling_models=09df4ea65ee297a56ef6fdef1e6207c2d052da3f908229ed359a84fd16b9ced8;pipeline_psa=90c6e7561a5fa405f5be55a2ea818d94a1c3f2c2b326dc60c392732bfd266352","2026-09-30T17:59:28Z","written","9daf1c1607d4ac36aef0c875d447756f","83d1376cdb7f38b68dc4bd2674cf4b4bfc13b559a2f194792a679ae80b026ae3","2d77b9ba02584a3e0b6b246271dae085","changed"
"outputs/figs/poster_forest.png","outputs/vignettes/poster_SMDM.qmd","sampling_models=09df4ea65ee297a56ef6fdef1e6207c2d052da3f908229ed359a84fd16b9ced8;pipeline_psa=90c6e7561a5fa405f5be55a2ea818d94a1c3f2c2b326dc60c392732bfd266352","2026-09-30T17:59:27Z","written","54bafb5ea823cfe47cf4fbda96d2b639","83d1376cdb7f38b68dc4bd2674cf4b4bfc13b559a2f194792a679ae80b026ae3","2d77b9ba02584a3e0b6b246271dae085","unchanged"
"outputs/tables/clin_effect_table_s2.csv","outputs/vignettes/clin_effect_table_s2.qmd","","2026-09-30T17:31:58Z","csv_verified","1e25e693d14d337b44391b63d79a5662","8a3eb9e0159d8be6b1929ab0a50c6987b198288b7800d3c3b74357c656a53e40","2d77b9ba02584a3e0b6b246271dae085","unchanged"
"outputs/tables/poster_cea.csv","outputs/vignettes/poster_SMDM.qmd","sampling_models=09df4ea65ee297a56ef6fdef1e6207c2d052da3f908229ed359a84fd16b9ced8;pipeline_psa=90c6e7561a5fa405f5be55a2ea818d94a1c3f2c2b326dc60c392732bfd266352","2026-09-30T17:59:28Z","csv_verified","6085b1d78b54bc4f1cca0b80346296eb","83d1376cdb7f38b68dc4bd2674cf4b4bfc13b559a2f194792a679ae80b026ae3","2d77b9ba02584a3e0b6b246271dae085","changed"
"outputs/tables/poster_ceac_data.csv","outputs/vignettes/poster_SMDM.qmd","sampling_models=09df4ea65ee297a56ef6fdef1e6207c2d052da3f908229ed359a84fd16b9ced8;pipeline_psa=90c6e7561a5fa405f5be55a2ea818d94a1c3f2c2b326dc60c392732bfd266352","2026-09-30T17:59:28Z","csv_verified","5468d8228ab853d9f1884c876aa05985","83d1376cdb7f38b68dc4bd2674cf4b4bfc13b559a2f194792a679ae80b026ae3","2d77b9ba02584a3e0b6b246271dae085","changed"
"outputs/tables/poster_forest_data.csv","outputs/vignettes/poster_SMDM.qmd","sampling_models=09df4ea65ee297a56ef6fdef1e6207c2d052da3f908229ed359a84fd16b9ced8;pipeline_psa=90c6e7561a5fa405f5be55a2ea818d94a1c3f2c2b326dc60c392732bfd266352","2026-09-30T17:59:28Z","csv_verified","ae0574fcac6cc970e318d7001d55c176","83d1376cdb7f38b68dc4bd2674cf4b4bfc13b559a2f194792a679ae80b026ae3","2d77b9ba02584a3e0b6b246271dae085","unchanged"
"outputs/tables/table_1.csv","outputs/vignettes/table_1.qmd","","2026-09-30T17:59:58Z","csv_verified","7c059567233393ddea580066b7c6b02c","07589fedf90ed3b029df227a4ce48eaa57f9fea22d8c93ddbd83cc6920bc96c3","2d77b9ba02584a3e0b6b246271dae085","changed"
"outputs/tables/table_4.csv","outputs/vignettes/table_4.qmd","","2026-09-30T18:00:18Z","csv_verified","b221682631c3569ed9c005bc7ef65052","22654a0cad813bac280232df00e617c2420c32894e7bc43a9cde55ee94d82ccd","2d77b9ba02584a3e0b6b246271dae085","changed"
"outputs/tables/table_5.csv","outputs/vignettes/table_5.qmd","sampling_models=09df4ea65ee297a56ef6fdef1e6207c2d052da3f908229ed359a84fd16b9ced8;psa_obj=90c6e7561a5fa405f5be55a2ea818d94a1c3f2c2b326dc60c392732bfd266352","2026-09-30T18:00:36Z","csv_verified","24bd4573e28b18fb2cecc2085b578a27","ec1b89ea1d24a7e440faa9ae06be9755c2a154556e773e6db46327c5a24f0321","2d77b9ba02584a3e0b6b246271dae085","changed"
"outputs/tables/table_6.csv","outputs/vignettes/table_6.qmd","","2026-09-30T18:00:54Z","csv_verified","7a1bda4f9239752e666d2a61f222a8fb","8a80ba650073fb3a6f825d559d166818c1c99d730b87e0a93185da49681d104d","2d77b9ba02584a3e0b6b246271dae085","changed"
"outputs/tables/table_s1.csv","outputs/vignettes/table_s1.qmd","","2026-09-30T18:01:14Z","csv_verified","def3c011050819bf50b652843d981086","80c64859a39cf3fd88aab0b41fc9567be0a89ef53ec86962d7925dd3c02f5097","2d77b9ba02584a3e0b6b246271dae085","unchanged"
"outputs/tables/table_s2.csv","outputs/vignettes/table_s2.qmd","","2026-09-30T18:01:26Z","csv_verified","44af159ce149a3047788163a86e7a527","91a852620d63989787f11cee1a6cc7d84e455ccf859c990b568d696a6d2f4b96","2d77b9ba02584a3e0b6b246271dae085","unchanged"
"outputs/tables/table_s3.csv","outputs/vignettes/table_s3.qmd","","2026-09-30T18:01:46Z","csv_verified","ad81e9ee5352667c50645df339a56657","4cdb2d47b4f15fdefcb763a33ff9f54cced6b51db756ae4dbe9441c43cb93aee","2d77b9ba02584a3e0b6b246271dae085","unchanged"
"outputs/tables/table_s3_pairs.csv","outputs/vignettes/table_s3.qmd","","2026-09-30T18:01:46Z","csv_verified","e75b95f3415711645dd1d045fc256455","4cdb2d47b4f15fdefcb763a33ff9f54cced6b51db756ae4dbe9441c43cb93aee","2d77b9ba02584a3e0b6b246271dae085","unchanged"
"outputs/tables/table_s4.csv","outputs/vignettes/table_s4.qmd","","2026-09-30T18:02:05Z","csv_verified","6d20247998184a81d5ed31b3646ef85b","30b46e95da8a46e7006f53c45a5d80a8cbd756ea13b025b77c53d1939ac9e79a","2d77b9ba02584a3e0b6b246271dae085","unchanged"
"outputs/tables/table_s5.csv","outputs/vignettes/table_4.qmd","","2026-09-30T18:00:18Z","csv_verified","0afa6391761434acb087b729093ce83c","22654a0cad813bac280232df00e617c2420c32894e7bc43a9cde55ee94d82ccd","2d77b9ba02584a3e0b6b246271dae085","changed"
"outputs/tables/table_s6.csv","outputs/vignettes/table_s6.qmd","","2026-09-30T18:02:23Z","csv_verified","7a1bda4f9239752e666d2a61f222a8fb","97615e9acf32f1dbfee47c00e7f1937a30b88662667ae70559e490ccd08ddc3a","2d77b9ba02584a3e0b6b246271dae085","changed"
"outputs/tables/table_s7.csv","outputs/vignettes/table_s7.qmd","sampling_models=09df4ea65ee297a56ef6fdef1e6207c2d052da3f908229ed359a84fd16b9ced8;evppi_cache=47af1dea22ef40151f4b03cf9c1dd75f8f01b8f1b3b5304160680d439780b6df","2026-09-30T18:02:42Z","csv_verified","8506851a5fbd623416a81b1fcff4db84","c1093573b4d8ad909826bc81868e5f7e145a7e2800be5fd12dda2c5cbd5bc406","2d77b9ba02584a3e0b6b246271dae085","changed"
"outputs/tables/table_s8.csv","outputs/vignettes/table_s8.qmd","","2026-09-30T18:03:01Z","csv_verified","80922986db99aa58b118d59ec6ad7a6e","94fcc93d18eb87da08006c1a0090227439e88cf4cf828ef0ba206e6d94668d0d","2d77b9ba02584a3e0b6b246271dae085","changed"
